symbol,day_name,hour_label,hour,account_name,total_trades,total_net_pnl,total_gross_pnl,avg_pnl_trade,std_pnl,wins,win_rate
CL,Fri,00:00,0,TS_5,17,2478.5,2599.9999418854713,145.79,358.59124869692357,13,76.5
CL,Fri,01:00,1,TM_2,13,3829.0,3909.9999126046896,294.54,734.7715030762505,11,84.6
CL,Fri,02:00,2,3Q_sim14,205,8674.5,10559.999763965607,42.31,359.4400280408172,121,59.0
CL,Fri,03:00,3,TM_9,11,5589.0,5669.999873265624,508.09,504.70177287953663,10,90.9
CL,Fri,04:00,4,IPS_TM_11,159,9930.5,11419.999744743109,62.46,382.27290905834434,89,56.0
CL,Fri,05:00,5,IPS_TM_11,117,7140.0,8219.999816268682,61.03,465.78525467636786,67,57.3
CL,Fri,06:00,6,3Q_sim14,373,23214.5,26539.999406784773,62.24,464.9812334913914,202,54.2
CL,Fri,07:00,7,TM_9,14,4462.0,4569.99989785254,318.71,1133.6265702834696,10,71.4
CL,Fri,08:00,8,IPS_TM_11,183,6441.5,8209.9998164922,35.2,409.81531360104754,97,53.0
CL,Fri,09:00,9,IPS_TM_5dupli,100,7411.0,8139.999818056822,74.11,288.39073564541314,62,62.0
CL,Fri,10:00,10,3Q_sim14,867,13785.0,21389.999521896243,15.9,372.06313630693853,398,45.9
CL,Fri,11:00,11,TS_3,13,2619.0,2699.999939650297,201.46,479.39372362358984,12,92.3
CL,Fri,12:00,12,3Q_sim14,600,3427.5,9120.003507882358,5.71,804.9973237554268,250,41.7
CL,Fri,13:00,13,3Q_sim15,109,10516.5,11429.999744519591,96.48,377.35675821115717,75,68.8
CL,Fri,14:00,14,3Q_sim13,141,7346.0,8749.99980442226,52.1,396.34033116694206,64,45.4
CL,Fri,15:00,15,3Q_sim10,5,999.5,1039.9999767541885,199.9,460.8972668556552,3,60.0
CL,Mon,00:00,0,TM_5,23,2214.5,2389.999946579337,96.28,195.81895342649682,14,60.9
CL,Mon,01:00,1,3Q_sim13,83,8548.0,9159.999795258045,102.99,481.70998311957317,54,65.1
CL,Mon,02:00,2,3Q_sim13,102,8120.5,8979.999799281359,79.61,510.67602529158336,58,56.9
CL,Mon,03:00,3,IPS_TM_7,59,6193.0,6489.999854937196,104.97,377.71989629471744,40,67.8
CL,Mon,04:00,4,IPS_TM_7,62,12288.0,12629.999717697501,198.19,715.9484398713706,42,67.7
CL,Mon,05:00,5,3Q_sim7,27,5961.5,6109.999863430858,220.8,414.1351011100214,22,81.5
CL,Mon,06:00,6,IPS_TM_6,6,3913.0,3939.9999119341373,652.17,320.91535030721724,6,100.0
CL,Mon,07:00,7,IPS_TM_11,217,12341.5,14109.999684616923,56.87,437.52508091115675,132,60.8
CL,Mon,08:00,8,3Q_sim14,535,70000.0,74859.99832674861,130.84,604.0837062670512,299,55.9
CL,Mon,09:00,9,TM_9,149,11774.5,12939.999710768461,79.02,543.9080414693517,95,63.8
CL,Mon,10:00,10,3Q_sim14,888,15733.49,24269.99467335642,17.72,759.9124363493958,420,47.3
CL,Mon,11:00,11,TM_9,82,6517.5,7169.999839738011,79.48,584.3985036124983,53,64.6
CL,Mon,12:00,12,3Q_sim15,155,33136.0,34449.999229982495,213.78,956.5387268901981,100,64.5
CL,Mon,13:00,13,3Q_sim13,145,31724.0,33109.99925993383,218.79,671.4925383058503,83,57.2
CL,Mon,14:00,14,3Q_sim13,132,32678.0,33919.99924182892,247.56,830.0983018512169,68,51.5
CL,Mon,15:00,15,PB_3,340,120643.5,122879.99725341797,354.83,1874.1153705827505,169,49.7
CL,Mon,16:00,16,3Q_sim13,49,32625.5,33079.99926060438,665.83,2151.551549367923,31,63.3
CL,Mon,17:00,17,3Q_sim14,7,4239.0,4319.9999034404755,605.57,2265.2782698616334,2,28.6
CL,Mon,18:00,18,TM_9,47,4961.5,5379.999879747629,105.56,614.128377344037,29,61.7
CL,Mon,19:00,19,TM_9,20,4455.0,4589.999897405505,222.75,555.496600468901,15,75.0
CL,Mon,20:00,20,IPS_TM_11,80,7328.0,7939.99982252717,91.6,352.5798098914569,53,66.2
CL,Mon,21:00,21,TM_9,28,4267.5,4469.999900087714,152.41,558.2797537374187,19,67.9
CL,Mon,22:00,22,3Q_sim19,22,2678.5,2799.999937415123,121.75,250.47976028341563,17,77.3
CL,Mon,23:00,23,TM_2,7,826.0,879.9999803304672,118.0,588.4043263300249,5,71.4
CL,Sun,17:00,17,3Q_sim14,28,5808.5,6019.999865442514,207.45,644.4610631015935,20,71.4
CL,Sun,18:00,18,IPS_TM_12,66,12227.0,12649.999717250466,185.26,485.73257028968726,50,75.8
CL,Sun,19:00,19,TS_5,43,5787.0,6119.99986320734,134.58,423.5338332214242,30,69.8
CL,Sun,20:00,20,3Q_sim15,78,2163.5,2779.999937862158,27.74,513.27799939657,50,64.1
CL,Sun,21:00,21,PB_3,241,7685.0,9259.999793022871,31.89,273.10561280920257,144,59.8
CL,Sun,22:00,22,TM_9,70,8253.5,8869.99980174005,117.91,796.7812711894042,45,64.3
CL,Sun,23:00,23,IPS_TM_6,7,3279.5,3319.9999257922173,468.5,625.214349333376,6,85.7
CL,Thu,00:00,0,3Q_sim14,98,3648.5,4489.999899640679,37.23,418.38455069681737,53,54.1
CL,Thu,01:00,1,3Q_sim7,23,1904.0,2029.9999546259642,82.78,316.49513963568376,18,78.3
CL,Thu,02:00,2,3Q_sim16,27,2661.5,2809.9999371916056,98.57,264.3298326488235,24,88.9
CL,Thu,03:00,3,TS_5,69,3908.5,4479.999899864197,56.64,353.2553478738088,45,65.2
CL,Thu,04:00,4,TM_9,24,4748.0,4909.999890252948,197.83,582.2958304662062,16,66.7
CL,Thu,05:00,5,TM_2,25,16834.5,17009.999619796872,673.38,2032.5479566195058,17,68.0
CL,Thu,06:00,6,3Q_sim13,107,4441.5,5399.999879300594,41.51,395.8395991481323,51,47.7
CL,Thu,07:00,7,3Q_sim7,18,7292.0,7399.999834597111,405.11,1175.9416559279668,13,72.2
CL,Thu,08:00,8,TS_2,24,4215.0,4349.999902769923,175.62,199.06543435933406,20,83.3
CL,Thu,09:00,9,3Q_sim16,79,10146.5,10609.99976284802,128.44,871.0032937551794,65,82.3
CL,Thu,10:00,10,IPS_TM_7,101,4202.5,4809.999892488122,41.61,531.8633098807619,54,53.5
CL,Thu,11:00,11,TS_4,101,10523.0,11089.999752119184,104.19,211.51935434240804,77,76.2
CL,Thu,12:00,12,3Q_sim7,29,10136.5,10329.999769106507,349.53,1001.036823424907,21,72.4
CL,Thu,13:00,13,IPS_TM_5,12,5875.0,6009.999865666032,489.58,352.7873883461191,11,91.7
CL,Thu,14:00,14,3Q_sim14,601,24649.0,30309.995993450288,41.01,524.0941325763482,292,48.6
CL,Thu,15:00,15,3Q_sim14,237,67409.5,69429.99844811857,284.43,954.5885820175054,132,55.7
CL,Thu,16:00,16,TM_9,40,9706.0,10029.99977581203,242.65,649.34626628586,28,70.0
CL,Thu,17:00,17,TM_2,6,-1124.0,-1069.9999760836363,-187.33,459.26774033438477,2,33.3
CL,Thu,18:00,18,3Q_sim13,23,4958.0,5119.999885559082,215.57,597.8328020480311,17,73.9
CL,Thu,19:00,19,3Q_sim13,12,2369.0,2449.9999452382326,197.42,501.1567341563739,9,75.0
CL,Thu,20:00,20,IPS_TM_6,12,15258.0,15329.999657347798,1271.5,1466.6984861211888,12,100.0
CL,Thu,21:00,21,IPS_TM_13,12,3692.5,3759.999915957451,307.71,306.9961034985163,11,91.7
CL,Thu,22:00,22,TM_9,23,6860.0,7039.999842643738,298.26,729.2161393736725,17,73.9
CL,Thu,23:00,23,IPS_TM_7,25,5144.0,5269.999882206321,205.76,319.7152998269692,20,80.0
CL,Tue,00:00,0,3Q_sim14,79,5682.5,6379.999857395887,71.93,339.65190451972205,50,63.3
CL,Tue,01:00,1,3Q_sim13,57,13227.5,13609.999695792794,232.06,760.359596427629,38,66.7
CL,Tue,02:00,2,3Q_sim13,91,4524.0,5369.999879971147,49.71,496.4175839216172,45,49.5
CL,Tue,03:00,3,3Q_sim15,100,11116.5,11849.99973513186,111.16,450.34763379673075,74,74.0
CL,Tue,04:00,4,IPS_TM_7,55,5105.0,5419.9998788535595,92.82,426.51185871454277,39,70.9
CL,Tue,05:00,5,IPS_TM_11,148,7500.0,8849.999802187085,50.68,354.36238718439006,82,55.4
CL,Tue,06:00,6,3Q_sim13,115,3852.0,4949.999889358878,33.5,702.2026450803143,52,45.2
CL,Tue,07:00,7,TM_8,93,6909.0,7979.9998216331005,74.29,283.60475273925704,51,54.8
CL,Tue,08:00,8,3Q_sim13,164,15348.5,16819.999624043703,93.59,438.45023765182805,87,53.0
CL,Tue,09:00,9,TM_8,278,12026.0,14779.999669641256,43.26,341.372426034917,121,43.5
CL,Tue,10:00,10,3Q_sim13,253,17157.0,19739.999558776617,67.81,654.2059662399628,98,38.7
CL,Tue,11:00,11,TS_6,336,8867.0,11359.999746084213,26.39,341.6086929117561,231,68.8
CL,Tue,12:00,12,3Q_sim13,167,93537.0,95129.9978736788,560.1,1528.7296924307873,81,48.5
CL,Tue,13:00,13,IPS_TM_11,207,9519.5,11539.9997420609,45.99,406.7781605169255,104,50.2
CL,Tue,14:00,14,IPS_TM_11,230,13804.5,16139.999639242887,60.02,830.5308782807049,104,45.2
CL,Tue,15:00,15,TM_2,62,9744.0,10229.999771341681,157.16,1456.8781135475563,34,54.8
CL,Tue,16:00,16,TS_6,43,18521.5,18849.999578669667,430.73,1665.0835097961697,30,69.8
CL,Tue,17:00,17,3Q_sim14,6,-1442.0,-1369.9999693781137,-240.33,257.2239563521199,0,0.0
CL,Tue,18:00,18,TS_6,44,94233.0,94529.99788708985,2141.66,2336.265903003206,41,93.2
CL,Tue,19:00,19,TS_6,29,15458.5,15669.999649748206,533.05,4179.697751821506,18,62.1
CL,Tue,20:00,20,TM_5,18,2142.5,2299.999948590994,119.03,326.9199988154498,13,72.2
CL,Tue,21:00,21,3Q_sim13,50,3795.5,4159.999907016754,75.91,458.9168344609304,33,66.0
CL,Tue,22:00,22,TS_6,31,5588.0,5749.999871477485,180.26,221.18467926286723,28,90.3
CL,Tue,23:00,23,3Q_sim15,40,3778.5,4079.9999088048935,94.46,397.45560693802,29,72.5
CL,Wed,00:00,0,TS_6,22,3059.5,3189.9999286979437,139.07,151.19242336686838,19,86.4
CL,Wed,01:00,1,IPS_TM_11,41,2200.5,2519.9999436736107,53.67,380.9578732319027,25,61.0
CL,Wed,02:00,2,TM_2,17,8316.5,8419.999811798334,489.21,1078.7396493491865,16,94.1
CL,Wed,03:00,3,3Q_sim15,118,12457.5,13379.999700933695,105.57,470.979198950109,85,72.0
CL,Wed,04:00,4,3Q_sim7,32,4684.5,4859.999891370535,146.39,276.8688266047997,25,78.1
CL,Wed,05:00,5,3Q_sim15,90,1285.0,2049.9999541789293,14.28,519.4802825040891,55,61.1
CL,Wed,06:00,6,3Q_sim15,106,8532.0,9359.999790787697,80.49,523.2784173040478,73,68.9
CL,Wed,07:00,7,PB_3,279,2814.0,4559.999898076057,10.09,256.4311554554545,142,50.9
CL,Wed,08:00,8,3Q_sim7,36,2739.5,2959.9999338388443,76.1,378.16444597626565,26,72.2
CL,Wed,09:00,9,IPS_TM_11,258,7890.5,10369.999768212438,30.58,308.73054292725686,129,50.0
CL,Wed,10:00,10,TM_7,39,5129.5,5439.999878406525,131.53,363.2258885164665,27,69.2
CL,Wed,11:00,11,IPS_TM_10,104,9276.0,10229.999771341681,89.19,400.90761007053277,58,55.8
CL,Wed,12:00,12,3Q_sim13,156,12724.0,14109.999684616923,81.56,375.787250117679,79,50.6
CL,Wed,13:00,13,3Q_sim16,33,4660.0,4839.99989181757,141.21,309.6947024213909,27,81.8
CL,Wed,14:00,14,IPS_TM_13,13,609.0,689.9999845772982,46.85,145.85057454611464,10,76.9
CL,Wed,15:00,15,3Q_sim15,54,7208.0,7639.999829232693,133.48,397.77061770998296,36,66.7
CL,Wed,16:00,16,IPS_TM_7,12,1697.0,1759.9999606609344,141.42,175.41130927911607,10,83.3
CL,Wed,17:00,17,PB_3,5,14.0,49.99999888241291,2.8,189.04648481587967,2,40.0
CL,Wed,18:00,18,TM_2,10,1322.5,1389.999968931079,132.25,271.0958411143461,9,90.0
CL,Wed,19:00,19,IPS_TM_7,6,718.5,749.9999832361937,119.75,216.7910812469283,4,66.7
CL,Wed,20:00,20,IPS_TM_12,11,992.5,1059.9999763071537,90.23,352.0532810137129,7,63.6
CL,Wed,21:00,21,TS_6,17,1252.0,1359.9999696016312,73.65,407.73032326753406,15,88.2
CL,Wed,22:00,22,3Q_sim15,30,4210.5,4439.999900758266,140.35,560.192798408403,20,66.7
CL,Wed,23:00,23,PB_3,71,3581.0,4039.999909698963,50.44,228.4127624267786,40,56.3
ES,Fri,00:00,0,ES-TM_7,83,17386.0,17912.5,209.47,461.2148615037643,67,80.7
ES,Fri,01:00,1,ES-TM_9,14,7663.5,7762.5,547.39,1491.3375408385205,10,71.4
ES,Fri,02:00,2,ES-TM_7,25,8363.0,8525.0,334.52,829.558636163432,21,84.0
ES,Fri,03:00,3,ES-TS_4,51,8466.5,8750.0,166.01,596.6540328380935,42,82.4
ES,Fri,04:00,4,ES-TS_6,85,16128.0,16650.0,189.74,596.008407238186,75,88.2
ES,Fri,05:00,5,ES-IPS_TM_13,18,3351.5,3500.0,186.19,896.5300942898236,9,50.0
ES,Fri,06:00,6,ES-IPS_TM_12,51,6946.0,7337.5,136.2,479.26173515555536,30,58.8
ES,Fri,07:00,7,ES-TM_1,50,7120.0,7412.5,142.4,413.14200503765124,35,70.0
ES,Fri,08:00,8,ES-IPS_TM_6,89,15207.0,15787.5,170.87,970.6012861179876,68,76.4
ES,Fri,09:00,9,ES-TS_3,214,28710.0,30262.5,134.16,1062.6934567831945,150,70.1
ES,Fri,10:00,10,ES-IPS_TM_3,296,10817.5,12550.0,36.55,492.01318066363575,188,63.5
ES,Fri,11:00,11,ES-IPS_TM_11,873,16041.0,24487.5,18.37,495.2861020045229,348,39.9
ES,Fri,12:00,12,ES-IPS_TM_8,1228,13793.5,27325.0,11.23,455.85891406247174,445,36.2
ES,Fri,13:00,13,ES-IPS_TM_13,95,875.0,1550.0,9.21,450.71470772580557,63,66.3
ES,Fri,14:00,14,ES-IPS_TM_8,953,45259.0,55262.5,47.49,563.77922111582,361,37.9
ES,Fri,15:00,15,ES-TM_6,197,12417.5,13925.0,63.03,513.1971840054139,131,66.5
ES,Fri,16:00,16,ES-TM_7,24,3231.0,3375.0,134.62,327.62413014333043,18,75.0
ES,Mon,00:00,0,ES-TM_9,18,7687.5,7800.0,427.08,564.6604979464886,16,88.9
ES,Mon,01:00,1,ES-IPS_TM_8,203,26177.5,28225.0,128.95,793.7698319200783,107,52.7
ES,Mon,02:00,2,ES-IPS_TM_8,255,6551.0,9237.5,25.69,702.485728623189,118,46.3
ES,Mon,03:00,3,ES-IPS_TM_8,449,34006.0,38650.0,75.74,771.719426902726,217,48.3
ES,Mon,04:00,4,ES-IPS_TM_12,62,18130.5,18562.5,292.43,776.4326253416134,38,61.3
ES,Mon,05:00,5,ES-TS_6,63,7293.0,7725.0,115.76,527.5062517374745,53,84.1
ES,Mon,06:00,6,ES-PB_1,120,25000.5,25725.0,208.34,1379.342315515568,66,55.0
ES,Mon,07:00,7,ES-IPS_TM_5dupl,151,30023.5,31337.5,198.83,1081.1027192754275,96,63.6
ES,Mon,08:00,8,ES-IPS_TM_6,70,16987.0,17387.5,242.67,781.5396310002561,56,80.0
ES,Mon,09:00,9,ES-TM_9,266,71934.0,74062.5,270.43,1193.9140105929018,182,68.4
ES,Mon,10:00,10,ES-IPS_TM_12,270,13315.5,15975.0,49.32,803.2631721290877,94,34.8
ES,Mon,11:00,11,ES-IPS_TM_8,1164,93313.0,105962.5,80.17,587.5656210030023,431,37.0
ES,Mon,12:00,12,ES-TM_7,982,142405.5,150487.5,145.02,1105.5237500764163,613,62.4
ES,Mon,13:00,13,ES-IPS_TM_5,3219,69670.5,103537.5,21.64,566.8652638633866,1371,42.6
ES,Mon,14:00,14,ES_PB_3,517,66966.0,70350.0,129.53,564.72933824228,262,50.7
ES,Mon,15:00,15,ES-IPS_TM_11,655,25497.0,32062.5,38.93,735.8381041842588,234,35.7
ES,Mon,16:00,16,ES-IPS_TM_5,824,91717.5,100312.5,111.31,748.0230223695902,332,40.3
ES,Mon,17:00,17,V500_sim10,5,414.0,450.0,82.8,14.289856542317,5,100.0
ES,Mon,18:00,18,ES-TM_9,25,3803.5,4037.5,152.14,618.5926150006427,14,56.0
ES,Mon,19:00,19,ES_PB_3,79,4059.5,4550.0,51.39,229.45330720704501,49,62.0
ES,Mon,20:00,20,ES-IPS_TM_13,27,7713.0,7875.0,285.67,700.6849121779676,22,81.5
ES,Mon,21:00,21,ES-TM_2,115,11797.5,12675.0,102.59,407.0851685796206,82,71.3
ES,Mon,22:00,22,ES-IPS_TM_6,24,5578.5,5700.0,232.44,313.8960057816159,21,87.5
ES,Mon,23:00,23,ES-TM_9,19,5277.5,5412.5,277.76,610.1127484239889,15,78.9
ES,Sun,17:00,17,ES-IPS_TM_5dupl,8,6888.0,6937.5,861.0,708.3479774396601,8,100.0
ES,Sun,18:00,18,ES-TM_9,107,10607.5,11575.0,99.14,670.7263226226711,68,63.6
ES,Sun,19:00,19,ES-TS_4,35,6413.5,6625.0,183.24,756.8163229203342,28,80.0
ES,Sun,20:00,20,ES-TM_7,46,15037.5,15375.0,326.9,930.05130455598,35,76.1
ES,Sun,21:00,21,ES-IPS_TM_6,29,4808.5,4975.0,165.81,964.1974032267266,23,79.3
ES,Sun,22:00,22,ES-IPS_TM_13,17,14953.5,15075.0,879.62,1826.7323415854107,14,82.4
ES,Sun,23:00,23,ES-IPS_TM_12,21,6668.0,6875.0,317.52,1022.37392225387,9,42.9
ES,Thu,00:00,0,ES-TM_2,62,5445.5,5900.0,87.83,412.44722408089496,43,69.4
ES,Thu,01:00,1,ES-IPS_TM_7,17,2935.0,3025.0,172.65,587.5249932105517,12,70.6
ES,Thu,02:00,2,ES-TM_9,20,2542.5,2700.0,127.12,1352.3504185695597,14,70.0
ES,Thu,03:00,3,ES-TM_2,163,2381.0,3650.0,14.61,462.6946361967252,118,72.4
ES,Thu,04:00,4,ES-TS_6,78,6383.5,6887.5,81.84,522.5613708666299,67,85.9
ES,Thu,05:00,5,ES-TM_6,37,11128.0,11312.5,300.76,547.3986540094992,31,83.8
ES,Thu,06:00,6,ES-TM_9,41,6194.5,6550.0,151.09,1366.9486223997183,20,48.8
ES,Thu,07:00,7,ES_PB_2,193,6099.0,7237.5,31.6,356.1599833627025,108,56.0
ES,Thu,08:00,8,ES_PB_2,371,14786.0,17000.0,39.85,354.2195003565861,202,54.4
ES,Thu,09:00,9,ES-TM_6,232,16496.5,18062.5,71.11,763.8019851806279,159,68.5
ES,Thu,10:00,10,ES-IPS_TM_7,191,21468.0,22575.0,112.4,1173.5436680574335,102,53.4
ES,Thu,11:00,11,ES-TM_7,1599,303632.5,316300.0,189.89,969.37353825151,991,62.0
ES,Thu,12:00,12,ES-TM_7,1294,66065.0,76100.0,51.05,644.7609676594213,818,63.2
ES,Thu,13:00,13,ES-TM_7,1118,104283.5,113112.5,93.28,681.0826089439524,746,66.7
ES,Thu,14:00,14,ES-TS_2,546,25834.0,29425.0,47.32,640.0564529529382,389,71.2
ES,Thu,15:00,15,ES-TS_5,1336,45484.0,55262.5,34.04,476.4554644371833,833,62.4
ES,Thu,16:00,16,ES-TM_8,1544,18750.0,33150.0,12.14,539.711661864224,570,36.9
ES,Thu,17:00,17,ES-IPS_TM_11,6,2373.0,2400.0,395.5,142.30249470757707,6,100.0
ES,Thu,18:00,18,ES-TM_8,296,42070.0,44950.0,142.13,870.5195149081987,133,44.9
ES,Thu,19:00,19,ES-TM_8,278,8655.5,11787.5,31.13,826.1378461030018,123,44.2
ES,Thu,20:00,20,ES-IPS_TM_11,135,5821.5,6937.5,43.12,474.28286975945457,71,52.6
ES,Thu,21:00,21,ES-IPS_TM_13,13,2839.5,2925.0,218.42,660.318510460225,10,76.9
ES,Thu,22:00,22,ES-TM_7,12,4040.5,4112.5,336.71,505.8386581767556,9,75.0
ES,Thu,23:00,23,ES-IPS_TM_5dupl,48,6225.5,6612.5,129.7,925.2707754316613,31,64.6
ES,Tue,00:00,0,ES-TM_8,522,4087.5,9712.5,7.83,405.99126279019396,212,40.6
ES,Tue,01:00,1,ES_PB_2,78,8396.5,8837.5,107.65,395.54296981158194,49,62.8
ES,Tue,02:00,2,ES-TM_6,21,3904.5,4012.5,185.93,387.3731174757189,18,85.7
ES,Tue,03:00,3,ES-IPS_TM_11,199,2716.0,4412.5,13.65,419.1547825105143,98,49.2
ES,Tue,04:00,4,ES-IPS_TM_11,164,8454.0,9862.5,51.55,376.54931980273517,84,51.2
ES,Tue,05:00,5,ES-TS_4,61,13346.5,13675.0,218.8,471.1752715024526,55,90.2
ES,Tue,06:00,6,ES-IPS_TM_13,21,10100.5,10262.5,480.98,2370.0196279577012,13,61.9
ES,Tue,07:00,7,ES-PB_1,147,9335.5,10262.5,63.51,681.0772188493738,80,54.4
ES,Tue,08:00,8,ES-IPS_TM_5dupl,191,19483.5,21000.0,102.01,568.4978532488278,136,71.2
ES,Tue,09:00,9,ES-IPS_TM_13,109,14651.5,15475.0,134.42,725.6208469232652,69,63.3
ES,Tue,10:00,10,ES-IPS_TM_5dupl,1101,9491.5,18325.0,8.62,527.0993143729663,695,63.1
ES,Tue,11:00,11,ES-IPS_TM_5dupl,780,16646.0,22775.0,21.34,510.4072385352105,483,61.9
ES,Tue,12:00,12,ES-IPS_TM_5dupl,575,36965.5,41425.0,64.29,489.3773760890916,392,68.2
ES,Tue,13:00,13,ES-IPS_TM_13,92,5597.5,6250.0,60.84,733.4153656100342,60,65.2
ES,Tue,14:00,14,ES-TM_9,101,8791.5,9637.5,87.04,887.1366752057145,60,59.4
ES,Tue,15:00,15,ES-TS_7,75,2135.5,2612.5,28.47,411.9658039250388,56,74.7
ES,Tue,16:00,16,ES-IPS_TM_5dupl,180,6954.5,8300.0,38.64,372.0305253835956,124,68.9
ES,Tue,17:00,17,ES-TM_9,7,2442.5,2487.5,348.93,411.7645391656325,5,71.4
ES,Tue,18:00,18,ES-IPS_TM_11,85,8903.0,9537.5,104.74,408.5743478108674,56,65.9
ES,Tue,19:00,19,ES-TM_10,99,14941.5,15675.0,150.92,611.2208190256525,73,73.7
ES,Tue,20:00,20,ES-TM_1,45,8489.0,8750.0,188.64,1181.8518626513753,26,57.8
ES,Tue,21:00,21,ES-TM_8,627,16051.5,22612.5,25.6,344.95224045461566,288,45.9
ES,Tue,22:00,22,ES-TM_9,18,5295.0,5475.0,294.17,1752.2127775036508,10,55.6
ES,Tue,23:00,23,ES-IPS_TM_12,9,5059.5,5100.0,562.17,253.7222891273055,9,100.0
ES,Wed,00:00,0,ES-TM_9,23,11071.0,11237.5,481.35,924.224520572181,19,82.6
ES,Wed,01:00,1,ES-TM_6,27,7915.0,8050.0,293.15,779.0835816573067,22,81.5
ES,Wed,02:00,2,ES-TM_6,19,10510.0,10600.0,553.16,781.7965786257173,17,89.5
ES,Wed,03:00,3,ES-TM_10,157,6368.5,7637.5,40.56,568.499737066992,108,68.8
ES,Wed,04:00,4,ES-TM_6,38,9154.5,9375.0,240.91,1079.230192709094,32,84.2
ES,Wed,05:00,5,ES-IPS_TM_13,11,4980.5,5075.0,452.77,1323.7993874382244,7,63.6
ES,Wed,06:00,6,ES-TM_2,102,38884.5,39600.0,381.22,1558.9510794716393,72,70.6
ES,Wed,07:00,7,ES-TM_7,108,10086.0,10950.0,93.39,801.4125797945522,73,67.6
ES,Wed,08:00,8,ES-IPS_TM_11,306,9819.5,12537.5,32.09,392.3239347349134,144,47.1
ES,Wed,09:00,9,ES-IPS_TM_13,155,23335.5,24375.0,150.55,592.2738764468745,109,70.3
ES,Wed,10:00,10,ES-TM_9,212,10863.5,12537.5,51.24,1098.2835180264965,138,65.1
ES,Wed,11:00,11,ES-IPS_TM_13,122,8424.0,9337.5,69.05,641.3821639287565,75,61.5
ES,Wed,12:00,12,ES-IPS_TM_11,523,32465.0,37662.5,62.07,703.8130365414564,192,36.7
ES,Wed,13:00,13,ES-TM_8,6965,467264.5,534400.0,67.09,1251.7927850988674,2411,34.6
ES,Wed,14:00,14,ES-TM_7,1227,429289.0,439225.0,349.87,1682.0023854844208,798,65.0
ES,Wed,15:00,15,ES-TS_5,1403,141784.0,152012.5,101.06,1038.447406258998,864,61.6
ES,Wed,16:00,16,ES-IPS_TM_5,1396,190646.0,203862.5,136.57,1598.1615878523405,601,43.1
ES,Wed,17:00,17,ES-TM_5,11,2605.5,2700.0,236.86,446.02623750790104,7,63.6
ES,Wed,18:00,18,ES-TM_5,932,53165.0,61625.0,57.04,610.9569048884571,395,42.4
ES,Wed,19:00,19,ES-TM_8,369,12853.5,16687.5,34.83,501.4842846707553,169,45.8
ES,Wed,20:00,20,ES-TS_6,44,6575.0,6912.5,149.43,691.3592408395881,35,79.5
ES,Wed,21:00,21,ES-TS_5,20,3196.0,3362.5,159.8,974.0438280423364,10,50.0
ES,Wed,22:00,22,ES-TM_9,23,10796.0,10962.5,469.39,1286.4916347511105,20,87.0
ES,Wed,23:00,23,ES-IPS_TM_5dupl,44,5152.0,5462.5,117.09,516.3018347503678,32,72.7
FDAX,Fri,00:00,0,IPS_TM_10,20,11215.5,11375.0,560.78,1274.9188155267811,16,80.0
FDAX,Fri,01:00,1,TM_9,14,13740.0,13850.0,981.43,1784.9865314848785,9,64.3
FDAX,Fri,02:00,2,TM_9,34,3006.5,3375.0,88.43,1155.2479278200935,18,52.9
FDAX,Fri,03:00,3,IPSTMUD1,9,4792.5,4875.0,532.5,1967.431113787723,6,66.7
FDAX,Fri,04:00,4,TM_7,260,15359.0,17900.0,59.07,1460.730212368596,141,54.2
FDAX,Fri,05:00,5,TM_10,324,24209.5,27350.0,74.72,1344.5737115740005,205,63.3
FDAX,Fri,06:00,6,IPS_TM_11,103,42706.5,43625.0,414.63,2920.510551422949,57,55.3
FDAX,Fri,07:00,7,TM_9,98,-2263.0,-1075.0,-23.09,1674.357349168982,48,49.0
FDAX,Fri,08:00,8,IPSTMUD1,85,6025.5,6900.0,70.89,1013.1387120527688,52,61.2
FDAX,Fri,09:00,9,IPS_TM_11,147,23598.5,25100.0,160.53,1788.5422544897913,81,55.1
FDAX,Fri,10:00,10,TM_2,145,31642.0,33050.0,218.22,1415.3761044083217,98,67.6
FDAX,Fri,11:00,11,IPS_TM_5dupli,552,122328.5,127900.0,221.61,1903.046765597001,340,61.6
FDAX,Fri,12:00,12,IPS_TM_8,404,138065.5,142625.0,341.75,1938.5019140000109,243,60.1
FDAX,Fri,13:00,13,TM_7,137,99285.0,100550.0,724.71,2182.5195965045154,90,65.7
FDAX,Fri,14:00,14,IPS_TM_5,115,35195.5,36675.0,306.05,1177.6872629689376,78,67.8
FDAX,Fri,15:00,15,TM_9,22,3458.5,3750.0,157.2,958.3481405782471,10,45.5
FDAX,Fri,16:00,16,TS_2,7,6467.5,6550.0,923.93,1663.706790788054,3,42.9
FDAX,Mon,00:00,0,TM_8,6,26275.5,26325.0,4379.25,6621.069111178344,6,100.0
FDAX,Mon,01:00,1,IPS_TM_6,13,9162.0,9250.0,704.77,1333.0207021302003,10,76.9
FDAX,Mon,02:00,2,TS_2,32,17677.5,17925.0,552.42,2355.431424455507,25,78.1
FDAX,Mon,03:00,3,IPS_TM_13,95,22259.5,23200.0,234.31,2219.819435318993,53,55.8
FDAX,Mon,04:00,4,IPSTMUD1,57,5264.5,5875.0,92.36,1041.3360741065244,40,70.2
FDAX,Mon,05:00,5,TS_2,61,13155.0,13650.0,215.66,1360.7810365772284,43,70.5
FDAX,Mon,06:00,6,IPSTMUD1,100,9627.5,10700.0,96.28,1492.1697888181545,64,64.0
FDAX,Mon,07:00,7,IPS_TM_6,141,28295.5,29500.0,200.68,2130.2982454968537,97,68.8
FDAX,Mon,08:00,8,TM_1,44,1423.0,1775.0,32.34,551.0038383853904,26,59.1
FDAX,Mon,09:00,9,IPS_TM_3,125,15970.5,16900.0,127.76,1199.942099705299,80,64.0
FDAX,Mon,10:00,10,TM_3,194,43720.5,45200.0,225.36,1323.8369108305917,121,62.4
FDAX,Mon,11:00,11,IPSTMUD1,81,36994.0,37775.0,456.72,1906.1840249866211,53,65.4
FDAX,Mon,12:00,12,IPS_TM_6,95,14763.5,15550.0,155.41,1311.5460470310002,69,72.6
FDAX,Mon,13:00,13,IPS_TM_13,18,9398.5,9525.0,522.14,1085.129347204009,15,83.3
FDAX,Mon,14:00,14,IPS_TM_5,89,5383.5,6500.0,60.49,1162.6810733306918,41,46.1
FDAX,Mon,15:00,15,TS_2,17,5429.0,5550.0,319.35,1262.5376697932854,14,82.4
FDAX,Mon,16:00,16,TS_4,12,2345.5,2450.0,195.46,680.0957305052835,8,66.7
FDAX,Mon,19:00,19,TM_9,38,14465.0,14850.0,380.66,1548.896063309604,21,55.3
FDAX,Mon,20:00,20,TM_7,92,50133.0,50925.0,544.92,3103.3724671671844,61,66.3
FDAX,Mon,21:00,21,IPS_TM_8,61,16022.5,16600.0,262.66,2093.7999102933077,45,73.8
FDAX,Mon,22:00,22,TM_7,10,5848.0,5925.0,584.8,1291.0230912815705,7,70.0
FDAX,Mon,23:00,23,IPS_TM_6,7,5036.5,5075.0,719.5,640.6377031260856,6,85.7
FDAX,Sun,19:00,19,TM_7,64,12319.5,12875.0,192.49,2423.2260186040394,42,65.6
FDAX,Sun,20:00,20,TM_6,20,15276.5,15425.0,763.82,1237.0040024081102,18,90.0
FDAX,Sun,21:00,21,IPS_TM_8,73,18940.0,19600.0,259.45,1490.065670542893,53,72.6
FDAX,Sun,22:00,22,IPS_TM_6,9,6625.5,6675.0,736.17,274.43123000125183,9,100.0
FDAX,Sun,23:00,23,PB_3,11,940.0,1050.0,85.45,1025.63259636542,4,36.4
FDAX,Thu,00:00,0,TM_9,21,24291.0,24500.0,1156.71,2479.2177726625214,13,61.9
FDAX,Thu,01:00,1,TS_6,7,2161.5,2200.0,308.79,198.8807970332265,6,85.7
FDAX,Thu,02:00,2,TM_7,54,54007.5,54475.0,1000.14,2422.485625902536,43,79.6
FDAX,Thu,03:00,3,TM_9,173,42442.0,44125.0,245.33,1789.3344753424794,96,55.5
FDAX,Thu,04:00,4,IPS_TM_11,123,8886.0,10250.0,72.24,1302.528315928096,67,54.5
FDAX,Thu,05:00,5,PB_2,212,18770.0,20200.0,88.54,745.3863329167732,100,47.2
FDAX,Thu,06:00,6,IPS_TM_8,447,48927.5,54125.0,109.46,1109.150798451193,253,56.6
FDAX,Thu,07:00,7,IPS_TM_11,67,26639.5,27250.0,397.6,1190.8742285871253,44,65.7
FDAX,Thu,08:00,8,TM_9,77,12144.0,12925.0,157.71,1416.0017456235792,41,53.2
FDAX,Thu,09:00,9,TS_2,153,46827.0,48125.0,306.06,1870.3275685350657,106,69.3
FDAX,Thu,10:00,10,IPS_TM_13,73,42861.5,43450.0,587.14,2062.7185565673535,55,75.3
FDAX,Thu,11:00,11,TS_5,176,62680.5,64600.0,356.14,1446.6746447125631,106,60.2
FDAX,Thu,12:00,12,TS_5,101,44510.0,45500.0,440.69,1677.6594797072155,69,68.3
FDAX,Thu,13:00,13,IPS_TM_8,295,162498.5,165650.0,550.84,2369.1672989059325,177,60.0
FDAX,Thu,14:00,14,IPS_TM_8,217,111848.0,114125.0,515.43,2160.244190739634,126,58.1
FDAX,Thu,15:00,15,IPS_TM_8,153,30861.0,32500.0,201.71,2101.5887892833566,90,58.8
FDAX,Thu,16:00,16,IPS_TM_3,10,7117.5,7200.0,711.75,1964.0356871899135,6,60.0
FDAX,Thu,17:00,17,TM_10,5,3075.5,3125.0,615.1,731.8717783874441,4,80.0
FDAX,Thu,19:00,19,IPS_TM_5dupli,33,23003.0,23300.0,697.06,2638.822614934001,21,63.6
FDAX,Thu,20:00,20,IPS_TM_13,18,30273.5,30400.0,1681.86,2930.4920877958343,15,83.3
FDAX,Thu,21:00,21,IPS_TM_8,54,27316.0,27800.0,505.85,2848.6672034705252,38,70.4
FDAX,Thu,22:00,22,TM_9,13,8296.0,8450.0,638.15,1735.3182631318598,8,61.5
FDAX,Thu,23:00,23,IPS_TM_5,13,12426.0,12525.0,955.85,635.7517330103324,13,100.0
FDAX,Tue,00:00,0,IPS_TM_6,13,37390.0,37500.0,2876.15,7135.812367279961,11,84.6
FDAX,Tue,01:00,1,IPS_TM_10,46,7537.5,7950.0,163.86,1532.1730634155003,31,67.4
FDAX,Tue,02:00,2,IPS_TM_11,52,24246.0,24675.0,466.27,1252.614459806785,35,67.3
FDAX,Tue,03:00,3,IPSPB1,81,12427.0,13175.0,153.42,1490.9267534338965,49,60.5
FDAX,Tue,04:00,4,TS_2,86,29856.5,30500.0,347.17,1345.9147853684215,68,79.1
FDAX,Tue,05:00,5,IPS_TM_11,112,7319.5,8425.0,65.35,950.7519751180951,60,53.6
FDAX,Tue,06:00,6,IPSPB1,53,45705.0,46200.0,862.36,2365.9212902599634,36,67.9
FDAX,Tue,07:00,7,IPS_TM_8,417,17035.0,21875.0,40.85,1021.9649704944524,227,54.4
FDAX,Tue,08:00,8,IPS_TM_5dupli,319,29082.0,32250.0,91.17,1351.3054085642375,203,63.6
FDAX,Tue,09:00,9,TS_6,162,35052.0,36350.0,216.37,957.0330536091651,118,72.8
FDAX,Tue,10:00,10,TS_2,71,24016.5,24550.0,338.26,1683.9782761984343,53,74.6
FDAX,Tue,11:00,11,IPS_TM_12,68,44632.5,45375.0,656.36,3335.8711888200824,35,51.5
FDAX,Tue,12:00,12,TM_6,69,12657.0,13350.0,183.43,2479.0650201962458,39,56.5
FDAX,Tue,13:00,13,TM_8,157,219794.5,221450.0,1399.96,2753.3944237852247,100,63.7
FDAX,Tue,14:00,14,IPS_TM_8,183,40654.0,42700.0,222.15,2128.148262846953,95,51.9
FDAX,Tue,15:00,15,IPS_TM_5,77,32010.0,33000.0,415.71,2068.2276442272655,34,44.2
FDAX,Tue,16:00,16,IPS_TM_10,28,14313.5,14550.0,511.2,2560.9196927958783,20,71.4
FDAX,Tue,17:00,17,IPS_TM_8,7,-7999.0,-7900.0,-1142.71,1732.757481038601,3,42.9
FDAX,Tue,19:00,19,IPS_TM_5dupli,19,12627.0,12825.0,664.58,3651.342999740559,13,68.4
FDAX,Tue,20:00,20,IPS_TM_13,17,16879.0,17000.0,992.88,2050.548208173638,10,58.8
FDAX,Tue,21:00,21,TM_9,16,3876.5,4025.0,242.28,1495.5808567103063,9,56.2
FDAX,Tue,22:00,22,IPSTMUD1,41,18229.0,18625.0,444.61,2818.255170562531,23,56.1
FDAX,Tue,23:00,23,IPSTMUD1,13,12551.5,12700.0,965.5,4874.491883776195,7,53.8
FDAX,Wed,00:00,0,TM_2,21,6585.0,6750.0,313.57,561.4697517612656,17,81.0
FDAX,Wed,01:00,1,IPS_TM_6,29,10119.0,10350.0,348.93,2175.7910372852984,20,69.0
FDAX,Wed,02:00,2,TM_9,58,20639.5,21250.0,355.85,1647.0583746635405,33,56.9
FDAX,Wed,03:00,3,TS_2,86,7735.0,8450.0,89.94,1802.2606170790466,59,68.6
FDAX,Wed,04:00,4,IPS_TM_12,84,21702.0,22450.0,258.36,1256.3598919661263,52,61.9
FDAX,Wed,05:00,5,PB_2,187,1974.0,3250.0,10.56,539.4426766581871,91,48.7
FDAX,Wed,06:00,6,TM_9,73,17907.5,18650.0,245.31,1328.3108154462595,42,57.5
FDAX,Wed,07:00,7,IPS_TM_3,122,32789.5,33675.0,268.77,1261.7489635593456,76,62.3
FDAX,Wed,08:00,8,TM_6,157,30418.5,31700.0,193.75,1533.4170308374014,103,65.6
FDAX,Wed,09:00,9,TS_6,174,10800.5,12225.0,62.07,1005.5992802500276,115,66.1
FDAX,Wed,10:00,10,TM_6,194,38375.0,40025.0,197.81,1591.65737819129,130,67.0
FDAX,Wed,11:00,11,TS_2,87,18799.0,19525.0,216.08,1709.180983098581,60,69.0
FDAX,Wed,12:00,12,IPS_TM_8,365,28533.5,32400.0,78.17,1483.9634477618517,209,57.3
FDAX,Wed,13:00,13,IPS_TM_8,282,65255.5,68000.0,231.4,2108.669603490364,150,53.2
FDAX,Wed,14:00,14,TM_7,115,38502.0,39525.0,334.8,1927.8109231102408,66,57.4
FDAX,Wed,15:00,15,PB_2,66,13632.5,14100.0,206.55,896.1343182666824,39,59.1
FDAX,Wed,16:00,16,PB_2,19,2207.0,2350.0,116.16,949.831842612031,11,57.9
FDAX,Wed,17:00,17,IPS_TM_10,5,-1116.0,-1050.0,-223.2,389.31889242624743,0,0.0
FDAX,Wed,19:00,19,TS_4,15,15140.0,15250.0,1009.33,2041.6689922241371,12,80.0
FDAX,Wed,20:00,20,IPSPB1,8,40048.0,40125.0,5006.0,5451.079440939066,7,87.5
FDAX,Wed,21:00,21,IPS_TM_5dupli,26,24485.5,24700.0,941.75,1706.4699074405032,22,84.6
FDAX,Wed,22:00,22,IPS_TM_8,44,-748.5,-325.0,-17.01,1864.6701762367882,27,61.4
FDAX,Wed,23:00,23,IPS_TM_8,41,12584.5,12975.0,306.94,1707.1557127101862,29,70.7
NQ,Fri,00:00,0,TS_4,13,6122.5,6190.0,470.96,647.712206588777,12,92.3
NQ,Fri,01:00,1,TM_6,6,4603.0,4630.0,767.17,332.1094197198668,6,100.0
NQ,Fri,02:00,2,V_sim16,331,15195.5,17270.0,45.91,363.38444847386876,258,77.9
NQ,Fri,03:00,3,IPS_TM_6,27,7559.5,7735.0,279.98,894.5660473690095,23,85.2
NQ,Fri,04:00,4,TM_D-R-1_2,345,18566.5,20785.0,53.82,689.2039646086794,251,72.8
NQ,Fri,05:00,5,V_sim16,333,8698.0,10885.0,26.12,426.519778052396,258,77.5
NQ,Fri,06:00,6,TS_6,91,5033.0,5690.0,55.31,693.6411166575613,66,72.5
NQ,Fri,07:00,7,TS_3,33,12840.0,13110.0,389.09,1114.160786018909,22,66.7
NQ,Fri,08:00,8,TM_D-R-1_2,462,25446.0,28335.0,55.08,862.9468645838067,331,71.6
NQ,Fri,09:00,9,TM_D-R-1_1,689,43481.5,47725.0,63.11,1496.2073497420788,533,77.4
NQ,Fri,10:00,10,TM_7,502,119063.0,123365.0,237.18,802.2821443631309,351,69.9
NQ,Fri,11:00,11,TS_2,152,61139.5,62260.0,402.23,1274.9367013475314,108,71.1
NQ,Fri,12:00,12,IPS_TM_8,347,132218.0,136025.0,381.03,1686.0979524780194,187,53.9
NQ,Fri,13:00,13,TS_2,118,57165.5,58025.0,484.45,1861.9941302193506,76,64.4
NQ,Fri,14:00,14,TS_2,164,74955.5,76040.0,457.05,1017.6683379447791,132,80.5
NQ,Fri,15:00,15,IPS_TM_10,148,8680.0,9850.0,58.65,428.7996315434132,86,58.1
NQ,Fri,16:00,16,TS_3,12,1915.5,2010.0,159.62,306.80309979766264,10,83.3
NQ,Mon,00:00,0,TM_D-R-1_2,367,6336.5,8825.0,17.27,408.1213351115758,260,70.8
NQ,Mon,01:00,1,TS_5,55,4803.5,5330.0,87.34,456.44164219237575,31,56.4
NQ,Mon,02:00,2,TM_U-D-1_1,343,13651.5,15780.0,39.8,506.3664740605823,241,70.3
NQ,Mon,03:00,3,IPS_TM_7,36,5227.0,5425.0,145.19,774.5952609291954,26,72.2
NQ,Mon,04:00,4,TM_1,30,6316.5,6510.0,210.55,605.3294963389204,24,80.0
NQ,Mon,05:00,5,TM_6,14,4245.5,4340.0,303.25,837.6116400906716,11,78.6
NQ,Mon,06:00,6,TM_5,105,17874.0,18720.0,170.23,991.3212604819472,51,48.6
NQ,Mon,07:00,7,TM_U-D-1_1,531,52356.0,55785.0,98.6,906.6774109188,378,71.2
NQ,Mon,08:00,8,IPS_TM_8,121,6595.5,7635.0,54.51,668.2653632835259,66,54.5
NQ,Mon,09:00,9,TM_D-R-1_2,698,244388.5,248605.0,350.13,1750.5985412287946,504,72.2
NQ,Mon,10:00,10,TM_7,496,144026.0,148310.0,290.38,1130.2897351358786,326,65.7
NQ,Mon,11:00,11,TM_7,327,468230.0,470930.0,1431.9,3290.796341967897,226,69.1
NQ,Mon,12:00,12,TM_7,248,195158.5,197215.0,786.93,2509.5625048299285,164,66.1
NQ,Mon,13:00,13,TM_10,220,136108.0,137980.0,618.67,2695.152400733536,152,69.1
NQ,Mon,14:00,14,TM_D-R-1_2,341,17087.0,19445.0,50.11,1255.0552559728633,231,67.7
NQ,Mon,15:00,15,TM_U-D-1_1,727,17698.0,22180.0,24.34,962.4877338349461,466,64.1
NQ,Mon,16:00,16,TM_11,29,3677.0,3920.0,126.79,962.309494293744,13,44.8
NQ,Mon,17:00,17,TM_10,8,-1133.0,-1025.0,-141.62,160.67886117523807,2,25.0
NQ,Mon,18:00,18,IPS_TM_11,38,8551.5,8835.0,225.04,815.9593705238401,25,65.8
NQ,Mon,19:00,19,TS_5,18,6268.0,6430.0,348.22,1159.9626036343004,13,72.2
NQ,Mon,20:00,20,IPS_TM_7,51,16566.5,16850.0,324.83,1040.6178965723523,37,72.5
NQ,Mon,21:00,21,TM_D-R-1_2,314,11219.5,13240.0,35.73,547.0447105754077,244,77.7
NQ,Mon,22:00,22,TS_4,6,4343.0,4370.0,723.83,426.82158645816713,6,100.0
NQ,Mon,23:00,23,TS_6,33,15806.0,15995.0,478.97,876.7800014416559,30,90.9
NQ,Sun,17:00,17,PB_2,7,1649.5,1690.0,235.64,163.21272271836793,6,85.7
NQ,Sun,18:00,18,IPS_TM_13,21,14253.5,14375.0,678.74,1693.1643128994276,18,85.7
NQ,Sun,19:00,19,TM_D-R-1_2,315,22627.0,24760.0,71.83,694.5463753129214,237,75.2
NQ,Sun,20:00,20,TM_9,10,8802.5,8870.0,880.25,914.4753580909414,9,90.0
NQ,Sun,21:00,21,IPS_TM_10,20,6311.5,6460.0,315.58,668.2185916181999,14,70.0
NQ,Sun,22:00,22,TS_6,37,4638.5,4895.0,125.36,1074.2488761445823,29,78.4
NQ,Sun,23:00,23,TM_U-D-1_1,212,5572.0,6895.0,26.28,511.9398685386537,146,68.9
NQ,Thu,00:00,0,IPS_TM_7,25,4163.0,4325.0,166.52,1268.324382469511,16,64.0
NQ,Thu,01:00,1,V_sim16,366,7304.0,9635.0,19.96,331.4279909002588,278,76.0
NQ,Thu,02:00,2,TM_D-R-1_2,369,8184.5,10655.0,22.18,565.7638095722384,262,71.0
NQ,Thu,03:00,3,TS_3,12,11034.0,11115.0,919.5,2127.62405898308,8,66.7
NQ,Thu,04:00,4,V500_sim10,246,14921.5,16195.0,60.66,150.2135109632014,156,63.4
NQ,Thu,05:00,5,PB_1,12,3127.0,3190.0,260.58,277.2511852039044,10,83.3
NQ,Thu,06:00,6,TS_2,10,2406.0,2460.0,240.6,923.747855207253,9,90.0
NQ,Thu,07:00,7,IPS_TM_5,135,9974.0,11090.0,73.88,408.7986823782663,90,66.7
NQ,Thu,08:00,8,V500_sim10,1443,80059.0,87925.0,55.48,625.0922033103059,700,48.5
NQ,Thu,09:00,9,V500_sim10,2843,354341.0,369605.0,124.64,1047.5410769313564,1423,50.1
NQ,Thu,10:00,10,V500_sim10,70,164649.0,165090.0,2352.13,2956.19791639717,47,67.1
NQ,Thu,11:00,11,TS_3,423,134975.0,138080.0,319.09,2213.305895793921,289,68.3
NQ,Thu,12:00,12,TM_U-D-1_1,1378,82912.5,90990.0,60.17,681.6703911462953,983,71.3
NQ,Thu,13:00,13,TS_3,736,52766.0,57905.0,71.69,1148.6406583632906,505,68.6
NQ,Thu,14:00,14,TM_D-R-1_2,380,75552.5,77915.0,198.82,1065.604409066678,296,77.9
NQ,Thu,15:00,15,TM_U-D-1_1,777,39171.0,43860.0,50.41,562.9265832472456,537,69.1
NQ,Thu,16:00,16,TS_5,149,11733.5,13070.0,78.75,772.171459096869,84,56.4
NQ,Thu,17:00,17,TM_10,6,1182.5,1250.0,197.08,783.252603996097,4,66.7
NQ,Thu,18:00,18,IPS_TM_8,26,4603.5,4770.0,177.06,226.80213080670458,24,92.3
NQ,Thu,19:00,19,A_sim15,20,2800.5,2895.0,140.02,258.032610903106,15,75.0
NQ,Thu,20:00,20,TM_D-R-1_1,442,8738.5,11605.0,19.77,479.7837450818509,318,71.9
NQ,Thu,21:00,21,TM_D-R-1_2,308,13201.5,15150.0,42.86,707.4371022916923,220,71.4
NQ,Thu,22:00,22,V_sim16,352,8084.0,10370.0,22.97,326.7851284896853,266,75.6
NQ,Thu,23:00,23,TM_D-R-1_2,341,18984.5,21185.0,55.67,532.4571034690711,253,74.2
NQ,Tue,00:00,0,TM_11,11,4947.0,5010.0,449.73,672.1885287490543,7,63.6
NQ,Tue,01:00,1,IPS_TM_12,21,5524.5,5655.0,263.07,497.97663814967984,17,81.0
NQ,Tue,02:00,2,TS_6,47,7257.5,7595.0,154.41,506.98919805778013,35,74.5
NQ,Tue,03:00,3,TS_6,126,23566.5,24390.0,187.04,655.2871437120415,105,83.3
NQ,Tue,04:00,4,TM_7,34,4643.5,4900.0,136.57,618.0730334941173,26,76.5
NQ,Tue,05:00,5,IPS_TM_8,62,8350.0,8890.0,134.68,494.17679600651405,41,66.1
NQ,Tue,06:00,6,TM_1,17,3553.5,3675.0,209.03,680.1114906439109,11,64.7
NQ,Tue,07:00,7,IPS_TM_7,54,6641.0,6965.0,122.98,683.0040053679825,39,72.2
NQ,Tue,08:00,8,TM_D-R-1_1,471,22403.5,25360.0,47.57,493.47083157598956,370,78.6
NQ,Tue,09:00,9,TS_3,461,21850.5,25095.0,47.4,775.5036991589556,325,70.5
NQ,Tue,10:00,10,TM_9,90,7138.0,8110.0,79.31,375.9025661005771,61,67.8
NQ,Tue,11:00,11,TM_U-D-1_1,1280,25315.5,32565.0,19.78,400.7892131360912,906,70.8
NQ,Tue,12:00,12,TS_3,462,21120.0,24180.0,45.71,675.0391131685676,337,72.9
NQ,Tue,13:00,13,IPS_TM_10,61,3651.0,4110.0,59.85,359.78191709541557,46,75.4
NQ,Tue,14:00,14,TM_U-D-1_1,763,21335.5,25885.0,27.96,388.8102540175635,553,72.5
NQ,Tue,15:00,15,TS_5,970,31400.5,39865.0,32.37,547.1868291320659,570,58.8
NQ,Tue,16:00,16,TM_D-R-1_2,250,8693.0,10655.0,34.77,779.9335300274274,165,66.0
NQ,Tue,17:00,17,TS_6,6,1589.5,1630.0,264.92,358.393417443271,4,66.7
NQ,Tue,18:00,18,IPS_TM_7,33,8090.5,8275.0,245.17,922.3567526541271,25,75.8
NQ,Tue,19:00,19,V_sim16,335,8826.0,10995.0,26.35,433.970399777153,257,76.7
NQ,Tue,20:00,20,TM_D-R-1_2,399,47852.0,50345.0,119.93,533.3357068665226,303,75.9
NQ,Tue,21:00,21,V_sim16,372,9900.0,12285.0,26.61,393.47173993764017,293,78.8
NQ,Tue,22:00,22,TM_U-D-1_1,253,23886.5,25385.0,94.41,630.7494662970033,182,71.9
NQ,Tue,23:00,23,IPS_TM_5dupli,8,2686.0,2740.0,335.75,517.1599642000805,7,87.5
NQ,Wed,00:00,0,TM_D-R-1_1,359,8662.0,11020.0,24.13,238.99963538604743,279,77.7
NQ,Wed,01:00,1,TM_7,6,7593.0,7620.0,1265.5,209.76176963403032,6,100.0
NQ,Wed,02:00,2,TM_D-R-1_2,355,23441.5,25705.0,66.03,712.6553530257303,275,77.5
NQ,Wed,03:00,3,TM_D-R-1_2,362,13388.5,15670.0,36.98,505.77237954145534,273,75.4
NQ,Wed,04:00,4,TS_4,31,16088.0,16250.0,518.97,792.6526975446001,27,87.1
NQ,Wed,05:00,5,IPS_TM_5dupli,15,5123.5,5245.0,341.57,1256.7289721828686,11,73.3
NQ,Wed,06:00,6,TS_3,25,10211.5,10360.0,408.46,903.4080026027369,21,84.0
NQ,Wed,07:00,7,IPS_TM_5,96,3462.0,4200.0,36.06,203.50807885166316,63,65.6
NQ,Wed,08:00,8,V_sim16,428,17600.5,20260.0,41.12,612.9480797763819,332,77.6
NQ,Wed,09:00,9,IPS_TM_6,152,9897.0,10950.0,65.11,550.8094230503755,103,67.8
NQ,Wed,10:00,10,TM_6,118,33343.0,34180.0,282.57,952.9222036103288,77,65.3
NQ,Wed,11:00,11,TM_U-D-1_1,1154,19316.0,26300.0,16.74,524.727975590144,808,70.0
NQ,Wed,12:00,12,TM_6,79,9164.0,9650.0,116.0,591.5790798298294,57,72.2
NQ,Wed,13:00,13,TM_U-D-1_1,891,69471.0,74565.0,77.97,566.4531379625863,665,74.6
NQ,Wed,14:00,14,TM_D-R-1_2,347,13040.5,15295.0,37.58,1099.6849269480535,257,74.1
NQ,Wed,15:00,15,TM_6,107,56247.0,56940.0,525.67,1826.9361622812553,81,75.7
NQ,Wed,16:00,16,V_sim16,329,36571.5,38925.0,111.16,589.4292360461228,236,71.7
NQ,Wed,17:00,17,TM_10,9,67.5,135.0,7.5,288.9922144280015,6,66.7
NQ,Wed,18:00,18,V_sim16,293,12990.0,14970.0,44.33,675.5206039612518,225,76.8
NQ,Wed,19:00,19,V_sim16,320,12955.5,15030.0,40.49,367.90702700903825,253,79.1
NQ,Wed,20:00,20,TS_6,37,10175.5,10405.0,275.01,867.1236174086528,27,73.0
NQ,Wed,21:00,21,TM_D-R-1_2,320,5981.5,8110.0,18.69,485.4685563636129,225,70.3
NQ,Wed,22:00,22,IPS_TM_7,34,4030.0,4210.0,118.53,576.6275903012387,26,76.5
NQ,Wed,23:00,23,TM_D-R-1_2,302,4318.0,6190.0,14.3,513.9785185565328,226,74.8
