cycle,train_start,train_end,eval_month,rank,slot_id,symbol,day,bucket,is_mean,is_t,is_n,is_total,forward_mean,forward_n,forward_total_pnl
23,2025-11,2026-04,2026-05,1,361,ES,Wednesday,16:00,77.7413,5.238,2207,171575.0,-35.8079,229,-8200.0
23,2025-11,2026-04,2026-05,2,30,CL,Monday,15:00,246.0611,5.0802,589,144930.0,-177.7778,36,-6400.0
23,2025-11,2026-04,2026-05,3,241,ES,Monday,03:00,100.7789,4.8664,979,98662.5,145.172,189,27437.5
23,2025-11,2026-04,2026-05,4,452,ES,Friday,14:30,47.0345,4.8213,2449,115187.5,60.4714,419,25337.5
23,2025-11,2026-04,2026-05,5,54,CL,Tuesday,03:30,104.8817,4.4851,338,35450.0,121.6667,42,5110.0
23,2025-11,2026-04,2026-05,6,72,CL,Tuesday,12:30,160.2929,4.3435,478,76620.0,-138.6364,22,-3050.0
23,2025-11,2026-04,2026-05,7,431,ES,Friday,04:00,67.5633,4.2579,711,48037.5,53.2126,214,11387.5
23,2025-11,2026-04,2026-05,8,223,CL,Sunday,18:00,94.095,4.2364,989,93059.99,-122.2754,167,-20420.0
23,2025-11,2026-04,2026-05,9,205,CL,Friday,08:30,95.0682,4.1725,513,48770.01,-67.1642,67,-4500.0
23,2025-11,2026-04,2026-05,10,365,ES,Wednesday,18:30,186.1166,3.8797,253,47087.5,-77.2177,62,-4787.5
23,2025-11,2026-04,2026-05,11,661,FDAX,Friday,05:30,291.6406,3.8542,320,93325.0,-688.3929,28,-19275.0
23,2025-11,2026-04,2026-05,12,673,FDAX,Friday,11:30,332.4615,3.7743,650,216100.0,401.6176,170,68275.0
23,2025-11,2026-04,2026-05,13,238,ES,Monday,01:30,141.8764,3.6025,437,62000.0,11.9792,96,1150.0
23,2025-11,2026-04,2026-05,14,401,ES,Thursday,12:30,48.8511,3.5975,3264,159450.0,5.3089,518,2750.0
23,2025-11,2026-04,2026-05,15,541,FDAX,Tuesday,13:00,644.1281,3.5073,281,181000.0,-970.8333,6,-5825.0
23,2025-11,2026-04,2026-05,16,366,ES,Wednesday,19:00,105.102,3.4551,392,41200.0,233.8235,34,7950.0
23,2025-11,2026-04,2026-05,17,206,CL,Friday,09:00,59.1042,3.3213,614,36290.0,88.5714,133,11780.0
23,2025-11,2026-04,2026-05,18,285,ES,Tuesday,01:30,82.5137,3.2208,366,30200.0,24.6875,40,987.5
23,2025-11,2026-04,2026-05,19,319,ES,Tuesday,19:00,83.309,3.1818,513,42737.5,37.9167,30,1137.5
23,2025-11,2026-04,2026-05,20,169,CL,Thursday,14:00,72.2244,2.9884,517,37340.0,5.082,183,930.0
23,2025-11,2026-04,2026-05,21,880,NQ,Thursday,23:00,81.8893,2.9475,262,21455.0,-328.0769,26,-8530.0
23,2025-11,2026-04,2026-05,22,851,NQ,Thursday,08:00,108.0127,2.9297,395,42665.0,-137.3077,52,-7140.0
23,2025-11,2026-04,2026-05,23,537,FDAX,Tuesday,11:00,275.4061,2.9195,554,152575.0,-235.0,60,-14100.0
23,2025-11,2026-04,2026-05,24,95,CL,Wednesday,00:30,136.2136,2.8659,103,14030.0,-592.5,4,-2370.0
23,2025-11,2026-04,2026-05,25,249,ES,Monday,07:00,61.5477,2.8009,1247,76750.0,83.6842,190,15900.0
23,2025-11,2026-04,2026-05,26,4,CL,Monday,02:00,54.5156,2.6963,640,34890.0,260.0,31,8060.0
23,2025-11,2026-04,2026-05,27,171,CL,Thursday,15:00,147.5909,2.6789,220,32470.0,-148.25,80,-11860.0
23,2025-11,2026-04,2026-05,28,754,NQ,Tuesday,06:30,56.7812,2.6536,393,22315.0,-5.2525,99,-520.0
23,2025-11,2026-04,2026-05,29,239,ES,Monday,02:00,68.3231,2.6433,571,39012.5,-9.375,88,-825.0
23,2025-11,2026-04,2026-05,30,47,CL,Tuesday,00:00,97.8788,2.5853,99,9690.0,-286.6667,3,-860.0
23,2025-11,2026-04,2026-05,31,16,CL,Monday,08:00,57.8937,2.5559,527,30510.0,11.1688,77,860.0
23,2025-11,2026-04,2026-05,32,173,CL,Thursday,16:00,95.0973,2.5286,257,24440.0,195.2941,85,16600.0
23,2025-11,2026-04,2026-05,33,105,CL,Wednesday,05:30,54.6885,2.4886,305,16680.0,-93.6842,38,-3560.0
23,2025-11,2026-04,2026-05,34,373,ES,Wednesday,22:30,63.365,2.4834,448,28387.5,-189.0306,49,-9262.5
23,2025-11,2026-04,2026-05,35,142,CL,Thursday,00:30,106.4228,2.43,123,13090.0,237.1429,14,3320.0
23,2025-11,2026-04,2026-05,36,875,NQ,Thursday,20:30,72.0648,2.3918,293,21115.0,12.6515,66,835.0
23,2025-11,2026-04,2026-05,37,201,CL,Friday,06:30,58.3618,2.3526,293,17100.0,-28.169,71,-2000.0
23,2025-11,2026-04,2026-05,38,792,NQ,Wednesday,02:00,58.1788,2.3274,302,17570.0,-29.375,56,-1645.0
23,2025-11,2026-04,2026-05,39,25,CL,Monday,12:30,60.8221,2.2849,669,40690.0,-37.9798,99,-3760.0
23,2025-11,2026-04,2026-05,40,907,NQ,Friday,12:30,55.3427,2.2535,715,39570.0,-102.4074,162,-16590.0
23,2025-11,2026-04,2026-05,41,212,CL,Friday,12:00,87.6159,2.2041,302,26460.0,-5.0649,77,-390.0
23,2025-11,2026-04,2026-05,42,895,NQ,Friday,06:30,44.6257,2.1585,374,16690.0,-81.6667,129,-10535.0
23,2025-11,2026-04,2026-05,43,248,ES,Monday,06:30,65.8333,2.137,705,46412.5,-94.4375,200,-18887.5
23,2025-11,2026-04,2026-05,44,125,CL,Wednesday,15:30,57.5,2.082,196,11270.0,-117.0,10,-1170.0
23,2025-11,2026-04,2026-05,45,67,CL,Tuesday,10:00,37.6447,2.073,743,27970.0,-16.9369,111,-1880.0
23,2025-11,2026-04,2026-05,46,362,ES,Wednesday,16:30,57.8629,2.0517,434,25112.5,197.0,50,9850.0
23,2025-11,2026-04,2026-05,47,894,NQ,Friday,06:00,53.8482,2.0414,369,19870.0,-172.5342,73,-12595.0
23,2025-11,2026-04,2026-05,48,872,NQ,Thursday,19:00,63.285,2.0069,379,23985.0,90.9211,38,3455.0
23,2025-11,2026-04,2026-05,49,24,CL,Monday,12:00,45.0,1.9508,726,32670.0,21.1594,69,1460.0
23,2025-11,2026-04,2026-05,50,474,FDAX,Monday,02:00,390.4523,1.8989,199,77700.0,383.75,20,7675.0
23,2025-11,2026-04,2026-05,51,825,NQ,Wednesday,19:00,49.6181,1.8468,288,14290.0,56.9231,52,2960.0
23,2025-11,2026-04,2026-05,52,274,ES,Monday,20:00,40.963,1.7385,527,21587.5,-11.6822,107,-1250.0
23,2025-11,2026-04,2026-05,53,633,FDAX,Thursday,14:00,428.5294,1.7007,170,72850.0,342.9487,39,13375.0
23,2025-11,2026-04,2026-05,54,66,CL,Tuesday,09:30,26.5365,1.6849,589,15630.0,141.1765,51,7200.0
23,2025-11,2026-04,2026-05,55,831,NQ,Wednesday,22:00,53.0565,1.6677,301,15970.0,-29.1667,66,-1925.0
23,2025-11,2026-04,2026-05,56,197,CL,Friday,04:30,42.6706,1.6641,337,14380.0,67.0213,47,3150.0
23,2025-11,2026-04,2026-05,57,168,CL,Thursday,13:30,41.3757,1.6413,378,15640.0,-11.3615,213,-2420.0
23,2025-11,2026-04,2026-05,58,843,NQ,Thursday,04:00,44.7832,1.6248,346,15495.0,40.1439,139,5580.0
23,2025-11,2026-04,2026-05,59,71,CL,Tuesday,12:00,52.4224,1.6232,644,33760.0,-50.3846,26,-1310.0
23,2025-11,2026-04,2026-05,60,429,ES,Friday,03:00,29.058,1.5956,690,20050.0,-30.7745,184,-5662.5
23,2025-11,2026-04,2026-05,61,19,CL,Monday,09:30,30.0917,1.5848,981,29520.0,-3.9726,73,-290.0
23,2025-11,2026-04,2026-05,62,99,CL,Wednesday,02:30,42.451,1.5743,204,8660.0,-84.5455,11,-930.0
23,2025-11,2026-04,2026-05,63,733,NQ,Monday,20:00,37.7961,1.5432,363,13720.0,-57.9091,110,-6370.0
23,2025-11,2026-04,2026-05,64,862,NQ,Thursday,13:30,45.0111,1.5296,904,40690.0,56.0628,207,11605.0
23,2025-11,2026-04,2026-05,65,424,ES,Friday,00:30,38.2878,1.5011,238,9112.5,-12.7907,86,-1100.0
24,2025-12,2026-05,2026-06,1,83,CL,Tuesday,18:30,319.1379,5.9339,522,166590.0,150.0,2,300.0
24,2025-12,2026-05,2026-06,2,361,ES,Wednesday,16:00,85.898,5.5981,2099,180300.0,-281.4286,70,-19700.0
24,2025-12,2026-05,2026-06,3,241,ES,Monday,03:00,108.6457,5.4233,1067,115925.0,49.5924,92,4562.5
24,2025-12,2026-05,2026-06,4,30,CL,Monday,15:00,224.4265,4.8199,619,138920.0,-302.3809,21,-6350.0
24,2025-12,2026-05,2026-06,5,54,CL,Tuesday,03:30,116.2209,4.7237,344,39980.0,-181.25,16,-2900.0
24,2025-12,2026-05,2026-06,6,497,FDAX,Monday,13:30,371.4527,4.29,148,54975.0,-485.3448,29,-14075.0
24,2025-12,2026-05,2026-06,7,529,FDAX,Tuesday,07:00,297.29,4.239,369,109700.0,-159.5588,34,-5425.0
24,2025-12,2026-05,2026-06,8,206,CL,Friday,09:00,65.9569,4.1001,742,48940.0,-88.6667,105,-9310.0
24,2025-12,2026-05,2026-06,9,238,ES,Monday,01:30,138.3517,3.9722,499,69037.5,52.6639,61,3212.5
24,2025-12,2026-05,2026-06,10,673,FDAX,Friday,11:30,265.5051,3.8241,782,207625.0,-523.0952,105,-54925.0
24,2025-12,2026-05,2026-06,11,173,CL,Thursday,16:00,120.7038,3.7753,341,41160.0,323.3333,9,2910.0
24,2025-12,2026-05,2026-06,12,2,CL,Monday,01:00,113.1358,3.7304,405,45820.0,88.75,16,1420.0
24,2025-12,2026-05,2026-06,13,172,CL,Thursday,15:30,173.6885,3.7033,244,42380.0,216.8,25,5420.0
24,2025-12,2026-05,2026-06,14,205,CL,Friday,08:30,77.3184,3.5907,578,44690.01,-121.4286,35,-4250.0
24,2025-12,2026-05,2026-06,15,285,ES,Tuesday,01:30,97.4085,3.5351,328,31950.0,-543.75,4,-2175.0
24,2025-12,2026-05,2026-06,16,319,ES,Tuesday,19:00,97.7991,3.4149,443,43325.0,395.1271,59,23312.5
24,2025-12,2026-05,2026-06,17,365,ES,Wednesday,18:30,143.4896,3.3663,288,41325.0,-291.3462,26,-7575.0
24,2025-12,2026-05,2026-06,18,366,ES,Wednesday,19:00,114.085,3.3549,347,39587.5,59.5588,17,1012.5
24,2025-12,2026-05,2026-06,19,223,CL,Sunday,18:00,67.2636,3.1723,1100,73989.99,-8.0,25,-200.0
24,2025-12,2026-05,2026-06,20,362,ES,Wednesday,16:30,96.6792,3.1108,399,38575.0,-237.5,21,-4987.5
24,2025-12,2026-05,2026-06,21,723,NQ,Monday,15:00,110.9505,3.0632,647,71785.0,-148.4667,75,-11135.0
24,2025-12,2026-05,2026-06,22,431,ES,Friday,04:00,40.9894,3.0165,849,34800.0,385.9375,40,15437.5
24,2025-12,2026-05,2026-06,23,761,NQ,Tuesday,10:00,57.8653,3.0046,2005,116020.0,-52.3284,335,-17530.0
24,2025-12,2026-05,2026-06,24,249,ES,Monday,07:00,65.6776,2.9604,1306,85775.0,-24.4048,63,-1537.5
24,2025-12,2026-05,2026-06,25,142,CL,Thursday,00:30,119.781,2.9532,137,16410.0,-65.0,4,-260.0
24,2025-12,2026-05,2026-06,26,4,CL,Monday,02:00,57.6631,2.8821,659,38000.0,132.6923,26,3450.0
24,2025-12,2026-05,2026-06,27,427,ES,Friday,02:00,49.2246,2.857,403,19837.5,-242.5,20,-4850.0
24,2025-12,2026-05,2026-06,28,875,NQ,Thursday,20:30,79.2006,2.8186,319,25265.0,-142.0652,46,-6535.0
24,2025-12,2026-05,2026-06,29,169,CL,Thursday,14:00,54.8703,2.8081,694,38080.0,-99.7369,114,-11370.0
24,2025-12,2026-05,2026-06,30,493,FDAX,Monday,11:30,150.7937,2.8067,567,85500.0,-46.8468,111,-5200.0
24,2025-12,2026-05,2026-06,31,771,NQ,Tuesday,15:00,69.7939,2.7996,849,59255.0,96.7834,157,15195.0
24,2025-12,2026-05,2026-06,32,699,NQ,Monday,03:00,67.3789,2.7015,578,38945.0,199.7917,48,9590.0
24,2025-12,2026-05,2026-06,33,364,ES,Wednesday,18:00,74.5184,2.6815,571,42550.0,72.3214,42,3037.5
24,2025-12,2026-05,2026-06,34,247,ES,Monday,06:00,47.2273,2.6769,825,38962.5,125.0,27,3375.0
24,2025-12,2026-05,2026-06,35,208,CL,Friday,10:00,46.1905,2.6397,567,26190.0,-93.4,50,-4670.0
24,2025-12,2026-05,2026-06,36,537,FDAX,Tuesday,11:00,239.9737,2.5918,571,137025.0,432.6087,92,39800.0
24,2025-12,2026-05,2026-06,37,66,CL,Tuesday,09:30,46.7238,2.538,583,27240.0,132.0,20,2640.0
24,2025-12,2026-05,2026-06,38,16,CL,Monday,08:00,53.5777,2.4545,573,30700.0,18.4314,102,1880.0
24,2025-12,2026-05,2026-06,39,661,FDAX,Friday,05:30,194.7674,2.428,301,58625.0,-6.8627,51,-350.0
24,2025-12,2026-05,2026-06,40,825,NQ,Wednesday,19:00,62.5902,2.3191,305,19090.0,-501.25,16,-8020.0
24,2025-12,2026-05,2026-06,41,484,FDAX,Monday,07:00,366.2536,2.2988,343,125625.0,329.717,53,17475.0
24,2025-12,2026-05,2026-06,42,95,CL,Wednesday,00:30,110.566,2.2948,106,11720.0,-273.3333,3,-820.0
24,2025-12,2026-05,2026-06,43,47,CL,Tuesday,00:00,86.5686,2.264,102,8830.0,20.0,6,120.0
24,2025-12,2026-05,2026-06,44,628,FDAX,Thursday,11:30,158.0752,2.0643,678,107175.0,-164.3204,103,-16925.0
24,2025-12,2026-05,2026-06,45,789,NQ,Wednesday,00:30,55.0622,2.0641,241,13270.0,-948.2353,34,-32240.0
24,2025-12,2026-05,2026-06,46,24,CL,Monday,12:00,45.096,2.0468,781,35220.0,-55.9649,114,-6380.0
24,2025-12,2026-05,2026-06,47,212,CL,Friday,12:00,69.0716,2.0397,377,26040.0,-34.8718,39,-1360.0
24,2025-12,2026-05,2026-06,48,872,NQ,Thursday,19:00,65.8564,1.9723,362,23840.0,82.8261,46,3810.0
24,2025-12,2026-05,2026-06,49,633,FDAX,Thursday,14:00,428.934,1.9418,197,84500.0,-480.0,35,-16800.0
24,2025-12,2026-05,2026-06,50,373,ES,Wednesday,22:30,46.4471,1.9228,482,22387.5,375.0,1,375.0
24,2025-12,2026-05,2026-06,51,197,CL,Friday,04:30,47.5066,1.921,381,18100.0,-7.7778,36,-280.0
24,2025-12,2026-05,2026-06,52,67,CL,Tuesday,10:00,32.7853,1.9173,815,26720.0,90.0,21,1890.0
24,2025-12,2026-05,2026-06,53,231,CL,Sunday,22:00,51.5979,1.8929,582,30030.0,-385.7143,7,-2700.0
24,2025-12,2026-05,2026-06,54,25,CL,Monday,12:30,47.5741,1.8629,742,35300.0,-6.7526,194,-1310.0
24,2025-12,2026-05,2026-06,55,528,FDAX,Tuesday,06:30,132.9976,1.856,422,56125.0,119.3182,66,7875.0
24,2025-12,2026-05,2026-06,56,246,ES,Monday,05:30,36.0106,1.8511,663,23875.0,-34.7561,41,-1425.0
24,2025-12,2026-05,2026-06,57,262,ES,Monday,13:30,12.753,1.8497,2223,28350.0,-21.412,216,-4625.0
24,2025-12,2026-05,2026-06,58,201,CL,Friday,06:30,41.4835,1.7971,364,15100.0,-71.8519,27,-1940.0
24,2025-12,2026-05,2026-06,59,834,NQ,Wednesday,23:30,38.853,1.7697,279,10840.0,-192.3529,17,-3270.0
24,2025-12,2026-05,2026-06,60,736,NQ,Monday,21:30,27.9533,1.7223,364,10175.0,-95.1471,34,-3235.0
24,2025-12,2026-05,2026-06,61,196,CL,Friday,04:00,39.0294,1.6545,340,13270.0,19.1176,68,1300.0
24,2025-12,2026-05,2026-06,62,327,ES,Tuesday,23:00,51.5566,1.6464,265,13662.5,103.5473,74,7662.5
24,2025-12,2026-05,2026-06,63,741,NQ,Tuesday,00:00,27.8448,1.5895,290,8075.0,160.8333,18,2895.0
24,2025-12,2026-05,2026-06,64,171,CL,Thursday,15:00,69.5318,1.5785,299,20790.0,250.75,40,10030.0
24,2025-12,2026-05,2026-06,65,831,NQ,Wednesday,22:00,44.2052,1.5048,346,15295.0,17.5,42,735.0
25,2026-01,2026-06,2026-07,1,241,ES,Monday,03:00,122.0519,6.0924,1060,129375.0,11.875,60,712.5
25,2026-01,2026-06,2026-07,2,83,CL,Tuesday,18:30,318.4924,5.9444,524,166890.0,-263.3333,3,-790.0
25,2026-01,2026-06,2026-07,3,319,ES,Tuesday,19:00,113.3535,5.0476,454,51462.5,6.5476,21,137.5
25,2026-01,2026-06,2026-07,4,54,CL,Tuesday,03:30,109.1176,4.3599,340,37100.0,98.0851,94,9220.0
25,2026-01,2026-06,2026-07,5,814,NQ,Wednesday,13:00,108.2636,4.1761,717,77625.0,16.3873,173,2835.0
25,2026-01,2026-06,2026-07,6,238,ES,Monday,01:30,130.1606,3.9921,545,70937.5,21.5164,61,1312.5
25,2026-01,2026-06,2026-07,7,431,ES,Friday,04:00,55.6319,3.8704,819,45562.5,-56.0606,132,-7400.0
25,2026-01,2026-06,2026-07,8,699,NQ,Monday,03:00,84.6367,3.4929,578,48920.0,-422.8889,45,-19030.0
25,2026-01,2026-06,2026-07,9,771,NQ,Tuesday,15:00,73.5177,3.3667,958,70430.0,57.1481,135,7715.0
25,2026-01,2026-06,2026-07,10,784,NQ,Tuesday,22:00,101.0774,3.3237,297,30020.0,54.5536,56,3055.0
25,2026-01,2026-06,2026-07,11,206,CL,Friday,09:00,50.6989,3.1941,787,39900.0,-13.5948,153,-2080.0
25,2026-01,2026-06,2026-07,12,4,CL,Monday,02:00,61.7873,3.1524,677,41830.0,110.0,45,4950.0
25,2026-01,2026-06,2026-07,13,247,ES,Monday,06:00,55.8651,3.1112,812,45362.5,-73.75,30,-2212.5
25,2026-01,2026-06,2026-07,14,66,CL,Tuesday,09:30,60.7169,3.0532,544,33030.0,-44.125,160,-7060.0
25,2026-01,2026-06,2026-07,15,537,FDAX,Tuesday,11:00,272.8618,3.0334,608,165900.0,-1804.5455,22,-39700.0
25,2026-01,2026-06,2026-07,16,364,ES,Wednesday,18:00,77.0973,2.8773,596,45950.0,-13.8889,18,-250.0
25,2026-01,2026-06,2026-07,17,785,NQ,Tuesday,22:30,123.3022,2.8714,321,39580.0,-63.1034,29,-1830.0
25,2026-01,2026-06,2026-07,18,362,ES,Wednesday,16:30,84.2089,2.7828,414,34862.5,-41.4216,51,-2112.5
25,2026-01,2026-06,2026-07,19,16,CL,Monday,08:00,54.4671,2.7479,638,34750.0,-5.8333,84,-490.0
25,2026-01,2026-06,2026-07,20,673,FDAX,Friday,11:30,191.1064,2.7393,818,156325.0,163.1579,57,9300.0
25,2026-01,2026-06,2026-07,21,528,FDAX,Tuesday,06:30,181.6125,2.5217,431,78275.0,335.4167,12,4025.0
25,2026-01,2026-06,2026-07,22,761,NQ,Tuesday,10:00,45.0555,2.4677,2162,97410.0,34.624,359,12430.0
25,2026-01,2026-06,2026-07,23,171,CL,Thursday,15:00,91.6272,2.3113,338,30970.0,-16.9767,43,-730.0
25,2026-01,2026-06,2026-07,24,493,FDAX,Monday,11:30,121.6346,2.2117,624,75900.0,327.0492,61,19950.0
25,2026-01,2026-06,2026-07,25,484,FDAX,Monday,07:00,360.0592,2.2043,338,121700.0,-296.875,8,-2375.0
25,2026-01,2026-06,2026-07,26,169,CL,Thursday,14:00,37.7778,2.1286,774,29240.0,21.6842,285,6180.0
25,2026-01,2026-06,2026-07,27,327,ES,Tuesday,23:00,63.3052,2.1273,326,20637.5,145.8333,12,1750.0
25,2026-01,2026-06,2026-07,28,197,CL,Friday,04:30,50.0257,2.0614,389,19460.0,-42.4286,70,-2970.0
25,2026-01,2026-06,2026-07,29,532,FDAX,Tuesday,08:30,124.8062,1.9954,516,64400.0,112.1212,33,3700.0
25,2026-01,2026-06,2026-07,30,741,NQ,Tuesday,00:00,38.0435,1.9788,276,10500.0,91.25,64,5840.0
25,2026-01,2026-06,2026-07,31,872,NQ,Thursday,19:00,63.4942,1.9763,342,21715.0,-11.8,75,-885.0
25,2026-01,2026-06,2026-07,32,698,NQ,Monday,02:30,67.8374,1.9276,326,22115.0,-24.4898,49,-1200.0
25,2026-01,2026-06,2026-07,33,98,CL,Wednesday,02:00,73.9583,1.8873,240,17750.0,-144.5833,48,-6940.0
25,2026-01,2026-06,2026-07,34,617,FDAX,Thursday,06:00,134.6491,1.8767,342,46050.0,-291.0714,28,-8150.0
25,2026-01,2026-06,2026-07,35,793,NQ,Wednesday,02:30,41.0119,1.8461,252,10335.0,31.1111,72,2240.0
25,2026-01,2026-06,2026-07,36,534,FDAX,Tuesday,09:30,105.2495,1.6783,481,50625.0,-1082.1429,28,-30300.0
25,2026-01,2026-06,2026-07,37,24,CL,Monday,12:00,33.8953,1.6692,860,29150.0,-5.2459,61,-320.0
25,2026-01,2026-06,2026-07,38,633,FDAX,Thursday,14:00,324.7788,1.6651,226,73400.0,191.3043,23,4400.0
25,2026-01,2026-06,2026-07,39,875,NQ,Thursday,20:30,49.9681,1.6631,313,15640.0,-51.6514,109,-5630.0
25,2026-01,2026-06,2026-07,40,432,ES,Friday,04:30,25.9363,1.6429,801,20775.0,-68.8776,98,-6750.0
25,2026-01,2026-06,2026-07,41,831,NQ,Wednesday,22:00,49.0948,1.6018,348,17085.0,108.9535,86,9370.0
25,2026-01,2026-06,2026-07,42,812,NQ,Wednesday,12:00,37.0151,1.596,727,26910.0,46.6594,229,10685.0
25,2026-01,2026-06,2026-07,43,817,NQ,Wednesday,14:30,47.9642,1.5932,754,36165.0,-3.2317,164,-530.0
25,2026-01,2026-06,2026-07,44,770,NQ,Tuesday,14:30,36.4434,1.5427,821,29920.0,49.2692,130,6405.0
