slot_id,symbol,day_name,bucket_label,total_trades,total_gross_pnl,mean_pnl,std_pnl,win_rate,t_stat,est_total_comm,total_net_pnl,net_mean_pnl
358,ES,Wed,14:30,19800,589000.0,29.75,885.223299246266,44.82,4.73,89100.0,499900.0,25.25
677,FDAX,Fri,13:30,1452,382125.0,263.17,1831.2839606087593,57.3,5.48,7986.0,374139.0,257.67
719,NQ,Mon,13:00,3896,368275.0,94.53,1148.7134122735238,64.5,5.14,17532.0,350743.0,90.03
716,NQ,Mon,11:30,4445,358950.0,80.75,1226.9563746835047,61.37,4.39,20002.5,338947.5,76.25
357,ES,Wed,14:00,18983,340950.0,17.96,729.273667924377,43.45,3.39,85423.5,255526.5,13.46
718,NQ,Mon,12:30,4383,272940.0,62.27,836.8557375669101,64.45,4.93,19723.5,253216.5,57.77
863,NQ,Thu,14:00,5042,268145.0,53.18,616.4215471605269,60.45,6.13,22689.0,245456.0,48.68
587,FDAX,Wed,13:30,1405,251250.0,178.83,2242.4233483292514,59.0,2.99,7727.5,243522.5,173.33
259,ES,Mon,12:00,14497,239700.0,16.53,525.170204332062,43.8,3.79,65236.5,174463.5,12.03
675,FDAX,Fri,12:30,1841,173650.0,94.32,1771.2628191449055,55.89,2.28,10125.5,163524.5,88.82
854,NQ,Thu,09:30,14742,221295.0,15.01,790.2264015015558,57.56,2.31,66339.0,154956.0,10.51
83,CL,Tue,18:30,602,146760.0,243.79,1168.5381513432362,64.62,5.12,2709.0,144051.0,239.29
617,FDAX,Thu,06:00,2390,154325.0,64.57,1224.1095524858933,55.9,2.58,13145.0,141180.0,59.07
714,NQ,Mon,10:30,5890,154315.0,26.2,694.4487388384061,62.04,2.9,26505.0,127810.0,21.7
543,FDAX,Tue,14:00,945,123300.0,130.48,2180.813578970647,58.73,1.84,5197.5,118102.5,124.98
859,NQ,Thu,12:00,4692,139100.0,29.65,596.5858885221942,63.79,3.4,21114.0,117986.0,25.15
632,FDAX,Thu,13:30,1257,122850.0,97.73,1586.3005243809873,58.95,2.18,6913.5,115936.5,92.23
30,CL,Mon,15:00,928,116800.0,125.86,967.6301813156625,55.06,3.96,4176.0,112624.0,121.36
862,NQ,Thu,13:30,4430,122650.0,27.69,630.2760926809798,57.65,2.92,19935.0,102715.0,23.19
484,FDAX,Mon,07:00,2061,112450.0,54.56,1539.0252522275757,57.59,1.61,11335.5,101114.5,49.06
855,NQ,Thu,10:00,8626,139170.0,16.13,655.3739467223571,61.86,2.29,38817.0,100353.0,11.63
260,ES,Mon,12:30,14037,155175.0,11.05,499.2935856525199,43.64,2.62,63166.5,92008.5,6.55
515,FDAX,Tue,00:00,222,92275.0,415.65,3298.694538364147,63.96,1.88,1221.0,91054.0,410.15
223,CL,Sun,18:00,2626,102849.99,39.17,511.49210088073926,64.28,3.92,11817.0,91032.99,34.67
901,NQ,Fri,09:30,11472,135640.0,11.82,765.8116073260541,60.43,1.65,51624.0,84016.0,7.32
711,NQ,Mon,09:00,2854,92905.0,32.55,643.797656277145,60.44,2.7,12843.0,80062.0,28.05
559,FDAX,Tue,23:30,174,72650.0,417.53,1732.8603894218634,64.37,3.18,957.0,71693.0,412.03
32,CL,Mon,16:00,596,73410.0,123.17,979.1317357887208,55.03,3.07,2682.0,70728.0,118.67
717,NQ,Mon,12:00,3590,86165.0,24.0,988.9469035223071,62.42,1.45,16155.0,70010.0,19.5
471,FDAX,Mon,00:30,164,67950.0,414.33,2650.131755284085,63.41,2.0,902.0,67048.0,408.83
249,ES,Mon,07:00,4155,84362.5,20.3,558.7033018938015,43.85,2.34,18697.5,65665.0,15.8
72,CL,Tue,12:30,1380,71290.0,51.66,528.1116102717176,54.42,3.63,6210.0,65080.0,47.16
712,NQ,Mon,09:30,11975,118400.0,9.89,682.4516768839914,59.88,1.59,53887.5,64512.5,5.39
247,ES,Mon,06:00,2970,72287.5,24.34,477.4586206318851,46.73,2.78,13365.0,58922.5,19.84
564,FDAX,Wed,02:00,1012,63625.0,62.87,1634.091545499422,58.89,1.22,5566.0,58059.0,57.37
54,CL,Tue,03:30,1064,62400.0,58.65,357.5597300291719,59.68,5.35,4788.0,57612.0,54.15
605,FDAX,Thu,00:00,182,57625.0,316.62,1313.4274609784363,70.88,3.25,1001.0,56624.0,311.12
722,NQ,Mon,14:30,2814,67455.0,23.97,613.1766622677511,64.14,2.07,12663.0,54792.0,19.47
641,FDAX,Thu,19:30,377,56300.0,149.34,2634.207425624789,62.33,1.1,2073.5,54226.5,143.84
906,NQ,Fri,12:00,4205,67655.0,16.09,704.3523304521237,62.93,1.48,18922.5,48732.5,11.59
470,FDAX,Mon,00:00,130,48825.0,375.58,2030.4643600154088,65.38,2.11,715.0,48110.0,370.08
366,ES,Wed,19:00,1343,51925.0,38.66,481.6710065497003,49.89,2.94,6043.5,45881.5,34.16
860,NQ,Thu,12:30,4380,65430.0,14.94,717.7911811959876,64.77,1.38,19710.0,45720.0,10.44
785,NQ,Tue,22:30,973,50000.0,51.39,521.6500282589282,68.45,3.07,4378.5,45621.5,46.89
173,CL,Thu,16:00,474,47220.0,99.62,537.8831060635766,63.92,4.03,2133.0,45087.0,95.12
519,FDAX,Tue,02:00,1028,49250.0,47.91,1273.0171030657157,61.87,1.21,5654.0,43596.0,42.41
4,CL,Mon,02:00,1009,47950.0,47.52,446.3175947109003,61.35,3.38,4540.5,43409.5,43.02
537,FDAX,Tue,11:00,2826,58950.0,20.86,1458.0732298287369,52.3,0.76,15543.0,43407.0,15.36
172,CL,Thu,15:30,410,44970.0,109.68,599.0588629824271,56.1,3.71,1845.0,43125.0,105.18
2,CL,Mon,01:00,546,45270.0,82.91,549.848123174446,60.44,3.52,2457.0,42813.0,78.41
238,ES,Mon,01:30,1590,46012.5,28.94,582.7361435580881,47.55,1.98,7155.0,38857.5,24.44
560,FDAX,Wed,00:00,158,39275.0,248.58,1371.4306412462472,65.19,2.28,869.0,38406.0,243.08
633,FDAX,Thu,14:00,1077,44050.0,40.9,1615.278563788118,54.13,0.83,5923.5,38126.5,35.4
841,NQ,Thu,03:00,2166,46290.0,21.37,459.19274863427796,62.37,2.17,9747.0,36543.0,16.87
180,CL,Thu,20:00,594,39070.0,65.77,603.1176508130709,56.73,2.66,2673.0,36397.0,61.27
184,CL,Thu,22:00,309,37490.0,121.33,599.813691402747,62.14,3.56,1390.5,36099.5,116.83
825,NQ,Wed,19:00,1211,40020.0,33.05,443.97826459818305,68.62,2.59,5449.5,34570.5,28.55
673,FDAX,Fri,11:30,5144,62825.0,12.21,1460.9255911712632,49.71,0.6,28292.0,34533.0,6.71
241,ES,Mon,03:00,4243,53275.0,12.56,508.17228563715054,45.51,1.61,19093.5,34181.5,8.06
851,NQ,Thu,08:00,2164,42355.0,19.57,618.5387159579717,59.7,1.47,9738.0,32617.0,15.07
282,ES,Tue,00:00,1263,37725.0,29.87,389.61489321025243,50.2,2.72,5683.5,32041.5,25.37
26,CL,Mon,13:00,1682,37890.0,22.53,428.1891559958846,53.39,2.16,7569.0,30321.0,18.03
319,ES,Tue,19:00,1372,35812.5,26.1,607.8403234086517,53.43,1.59,6174.0,29638.5,21.6
651,FDAX,Fri,00:30,130,28600.0,220.0,1038.439497104808,66.92,2.42,715.0,27885.0,214.5
865,NQ,Thu,15:00,4152,46505.0,11.2,699.6721691430046,61.87,1.03,18684.0,27821.0,6.7
28,CL,Mon,14:00,2705,39289.99,14.52,425.565666396544,53.01,1.78,12172.5,27117.49,10.02
784,NQ,Tue,22:00,1064,31555.0,29.66,419.1450216686223,66.73,2.31,4788.0,26767.0,25.16
50,CL,Tue,01:30,382,27910.0,73.06,380.8765757241226,59.69,3.75,1719.0,26191.0,68.56
872,NQ,Thu,19:00,1125,30490.0,27.1,482.10347160637104,67.91,1.89,5062.5,25427.5,22.6
606,FDAX,Thu,00:30,152,26225.0,172.53,1562.470555665407,64.47,1.36,836.0,25389.0,167.03
905,NQ,Fri,11:30,5778,49820.0,8.62,704.2014217348457,63.05,0.93,26001.0,23819.0,4.12
84,CL,Tue,19:00,507,25060.0,49.43,1177.2535388809397,60.16,0.95,2281.5,22778.5,44.93
246,ES,Mon,05:30,2557,34162.5,13.36,430.366182136163,45.21,1.57,11506.5,22656.0,8.86
510,FDAX,Mon,21:30,227,22500.0,99.12,1996.0925034301906,62.11,0.75,1248.5,21251.5,93.62
171,CL,Thu,15:00,553,22330.0,40.38,585.5791320669514,49.91,1.62,2488.5,19841.5,35.88
181,CL,Thu,20:30,357,21370.0,59.86,506.63654312753795,63.59,2.23,1606.5,19763.5,55.36
588,FDAX,Wed,14:00,1216,26325.0,21.65,1475.8862773776848,56.91,0.51,6688.0,19637.0,16.15
736,NQ,Mon,21:30,1187,24360.0,20.52,336.93518243956606,67.23,2.1,5341.5,19018.5,16.02
609,FDAX,Thu,02:00,1089,23975.0,22.02,1530.1452499580937,56.11,0.47,5989.5,17985.5,16.52
147,CL,Thu,03:00,827,21130.0,25.55,356.30539581149594,55.14,2.06,3721.5,17408.5,21.05
648,FDAX,Thu,23:00,165,17500.0,106.06,1081.7927459014488,64.24,1.26,907.5,16592.5,100.56
285,ES,Tue,01:30,1204,21975.0,18.25,405.7852441599537,45.1,1.56,5418.0,16557.0,13.75
409,ES,Thu,16:30,1347,22475.0,16.69,651.0216351378327,44.69,0.94,6061.5,16413.5,12.19
778,NQ,Tue,19:00,1376,22395.0,16.28,380.3271669207863,69.11,1.59,6192.0,16203.0,11.78
66,CL,Tue,09:30,2001,24740.0,12.36,365.02705874182806,52.12,1.52,9004.5,15735.5,7.86
600,FDAX,Wed,21:30,183,16725.0,91.39,1605.373137400285,60.66,0.77,1006.5,15718.5,85.89
639,FDAX,Thu,17:00,28,15275.0,545.54,913.6326955516381,57.14,3.16,154.0,15121.0,540.04
857,NQ,Thu,11:00,5554,39315.0,7.08,1039.0808186598454,60.59,0.51,24993.0,14322.0,2.58
47,CL,Tue,00:00,208,13860.0,66.63,364.26647226442503,60.58,2.64,936.0,12924.0,62.13
739,NQ,Mon,23:00,1068,17720.0,16.59,437.19578418483,69.38,1.24,4806.0,12914.0,12.09
169,CL,Thu,14:00,2204,22680.0,10.29,342.0873989936688,50.09,1.41,9918.0,12762.0,5.79
67,CL,Tue,10:00,2255,22890.0,10.15,376.30608663356907,51.97,1.28,10147.5,12742.5,5.65
231,CL,Sun,22:00,784,15880.0,20.26,583.7702034416411,61.86,0.97,3528.0,12352.0,15.76
142,CL,Thu,00:30,230,13210.0,57.43,397.28876404277906,61.3,2.19,1035.0,12175.0,52.93
792,NQ,Wed,02:00,1377,17260.0,12.53,473.22004675804635,65.94,0.98,6196.5,11063.5,8.03
233,CL,Sun,23:00,495,12670.0,25.6,449.1305021596548,59.39,1.27,2227.5,10442.5,21.1
154,CL,Thu,06:30,793,13840.0,17.45,354.47188279456077,53.85,1.39,3568.5,10271.5,12.95
628,FDAX,Thu,11:30,4485,34825.0,7.76,1740.5636511078696,51.22,0.3,24667.5,10157.5,2.26
82,CL,Tue,18:00,350,11590.0,33.11,618.8497960471211,54.86,1.0,1575.0,10015.0,28.61
373,ES,Wed,22:30,1155,14475.0,12.53,529.0539138773732,45.89,0.81,5197.5,9277.5,8.03
843,NQ,Thu,04:00,1925,17740.0,9.22,453.9180698122892,63.53,0.89,8662.5,9077.5,4.72
95,CL,Wed,00:30,173,9470.0,54.74,440.0747280999208,57.8,1.64,778.5,8691.5,50.24
528,FDAX,Tue,06:30,2348,21225.0,9.04,1092.5070181517744,55.92,0.4,12914.0,8311.0,3.54
881,NQ,Thu,23:30,961,12635.0,13.15,458.85012873859694,67.64,0.89,4324.5,8310.5,8.65
16,CL,Mon,08:00,1447,14810.0,10.23,374.62688772412474,51.49,1.04,6511.5,8298.5,5.73
503,FDAX,Mon,16:30,37,8400.0,227.03,917.3553923730519,62.16,1.51,203.5,8196.5,221.53
596,FDAX,Wed,19:30,352,9900.0,28.12,1722.7996516139474,57.67,0.31,1936.0,7964.0,22.62
9,CL,Mon,04:30,1306,13830.0,10.59,344.7638306364095,54.67,1.11,5877.0,7953.0,6.09
864,NQ,Thu,14:30,4135,26325.0,6.37,551.0818690517253,62.66,0.74,18607.5,7717.5,1.87
916,NQ,Sun,16:30,2,7650.0,3825.0,0.0,100.0,inf,9.0,7641.0,3820.5
125,CL,Wed,15:30,548,9950.0,18.16,303.31331884005823,54.2,1.4,2466.0,7484.0,13.66
49,CL,Tue,01:00,290,8660.0,29.86,451.9982085080533,57.93,1.13,1305.0,7355.0,25.36
25,CL,Mon,12:30,1869,15730.0,8.42,505.169894691584,51.58,0.72,8410.5,7319.5,3.92
71,CL,Tue,12:00,1701,14950.0,8.79,546.0257926328017,52.73,0.66,7654.5,7295.5,4.29
548,FDAX,Tue,16:30,77,7500.0,97.4,2084.085942892372,59.74,0.41,423.5,7076.5,91.9
562,FDAX,Wed,01:00,356,8750.0,24.58,1858.6985730197848,54.21,0.25,1958.0,6792.0,19.08
520,FDAX,Tue,02:30,923,11425.0,12.38,1456.7082297548434,59.15,0.26,5076.5,6348.5,6.88
647,FDAX,Thu,22:30,121,6925.0,57.23,1397.6111986787225,57.85,0.45,665.5,6259.5,51.73
815,NQ,Wed,13:30,4075,24570.0,6.03,587.4547698705478,62.77,0.66,18337.5,6232.5,1.53
853,NQ,Thu,09:00,3246,20755.0,6.39,474.0900998944086,60.72,0.77,14607.0,6148.0,1.89
598,FDAX,Wed,20:30,700,9800.0,14.0,2428.971034434754,53.29,0.15,3850.0,5950.0,8.5
186,CL,Thu,23:00,322,7380.0,22.92,496.6851248757349,59.32,0.83,1449.0,5931.0,18.42
831,NQ,Wed,22:00,1094,10760.0,9.84,403.8563199433676,67.18,0.81,4923.0,5837.0,5.34
823,NQ,Wed,18:00,1587,12940.0,8.15,507.7426618341232,63.96,0.64,7141.5,5798.5,3.65
710,NQ,Mon,08:30,2414,15915.0,6.59,615.965561222993,62.1,0.53,10863.0,5052.0,2.09
425,ES,Fri,01:00,987,9425.0,9.55,436.9693964279098,43.57,0.69,4441.5,4983.5,5.05
748,NQ,Tue,03:30,2040,14145.0,6.93,400.7357113867759,58.38,0.78,9180.0,4965.0,2.43
914,NQ,Fri,16:00,367,6485.0,17.67,245.873779795434,57.22,1.38,1651.5,4833.5,13.17
332,ES,Wed,01:30,1231,10325.0,8.39,607.6886850525765,42.65,0.48,5539.5,4785.5,3.89
363,ES,Wed,17:30,115,5050.0,43.91,727.3901263290606,51.3,0.65,517.5,4532.5,39.41
87,CL,Tue,20:30,402,6140.0,15.27,441.6479466023306,59.45,0.69,1809.0,4331.0,10.77
884,NQ,Fri,01:00,1038,8320.0,8.02,368.115574165864,66.67,0.7,4671.0,3649.0,3.52
844,NQ,Thu,04:30,1546,10235.0,6.62,506.4650421441528,67.27,0.51,6957.0,3278.0,2.12
179,CL,Thu,19:30,139,3900.0,28.06,409.88487693681526,64.03,0.81,625.5,3274.5,23.56
222,CL,Sun,17:30,323,4430.0,13.72,671.9678510498627,62.54,0.37,1453.5,2976.5,9.22
756,NQ,Tue,07:30,1811,11105.0,6.13,457.1738969765437,64.33,0.57,8149.5,2955.5,1.63
205,CL,Fri,08:30,1812,11020.01,6.08,390.7288159274376,54.25,0.66,8154.0,2866.01,1.58
507,FDAX,Mon,20:00,461,5225.0,11.33,2354.5360498201885,56.18,0.1,2535.5,2689.5,5.83
91,CL,Tue,22:30,268,3760.0,14.03,334.57248938884754,54.85,0.69,1206.0,2554.0,9.53
98,CL,Wed,02:00,514,4790.0,9.32,462.64780950778777,48.64,0.46,2313.0,2477.0,4.82
422,ES,Thu,23:30,841,5425.0,6.45,477.110371704768,46.73,0.39,3784.5,1640.5,1.95
141,CL,Thu,00:00,183,2410.0,13.17,344.1900891931841,63.39,0.52,823.5,1586.5,8.67
787,NQ,Tue,23:30,722,4765.0,6.6,368.47678612625174,66.07,0.48,3249.0,1516.0,2.1
143,CL,Thu,01:00,260,2500.0,9.62,456.8000125198687,51.15,0.34,1170.0,1330.0,5.12
557,FDAX,Tue,22:30,179,2025.0,11.31,1707.773398383764,64.25,0.09,984.5,1040.5,5.81
80,CL,Tue,16:30,472,3050.0,6.46,623.7598875251589,43.86,0.23,2124.0,926.0,1.96
190,CL,Fri,01:00,215,1510.0,7.02,317.95119472515233,53.49,0.32,967.5,542.5,2.52
182,CL,Thu,21:00,410,2320.0,5.66,434.2772675404202,58.78,0.26,1845.0,475.0,1.16
410,ES,Thu,17:30,94,850.0,9.04,421.4725699283564,57.45,0.21,423.0,427.0,4.54
221,CL,Fri,16:30,8,210.0,26.25,47.1888293427654,62.5,1.57,36.0,174.0,21.75
89,CL,Tue,21:30,299,1510.0,5.05,391.447461079917,60.2,0.22,1345.5,164.5,0.55
269,ES,Mon,17:30,25,250.0,10.0,576.1085328882629,60.0,0.09,112.5,137.5,5.5
727,NQ,Mon,17:00,1,15.0,15.0,,100.0,,4.5,10.5,10.5
715,NQ,Mon,11:00,4665,20960.0,4.49,840.8851450656153,60.04,0.36,20992.5,-32.5,-0.01
372,ES,Wed,22:00,1290,5725.0,4.44,389.11647502959397,48.14,0.41,5805.0,-80.0,-0.06
731,NQ,Mon,19:00,1181,5070.0,4.29,396.0287875083221,65.96,0.37,5314.5,-244.5,-0.21
550,FDAX,Tue,19:00,164,-25.0,-0.15,3247.173732118199,42.68,-0.0,902.0,-927.0,-5.65
11,CL,Mon,05:30,1146,3940.0,3.44,439.1236252816248,55.06,0.27,5157.0,-1217.0,-1.06
61,CL,Tue,07:00,993,3240.0,3.26,375.86650176759673,55.39,0.27,4468.5,-1228.5,-1.24
31,CL,Mon,15:30,914,2860.0,3.13,1109.604589249956,54.05,0.09,4113.0,-1253.0,-1.37
456,ES,Fri,16:30,20,-1212.5,-60.62,119.91464892295599,20.0,-2.26,90.0,-1302.5,-65.12
455,ES,Fri,16:00,385,412.5,1.07,159.38798383153255,41.04,0.13,1732.5,-1320.0,-3.43
220,CL,Fri,16:00,15,-1400.0,-93.33,120.33682617388317,33.33,-3.0,67.5,-1467.5,-97.83
34,CL,Mon,17:30,22,-1530.0,-69.55,1519.8072134344327,9.09,-0.21,99.0,-1629.0,-74.05
797,NQ,Wed,04:30,1520,5165.0,3.4,455.00839121105025,64.74,0.29,6840.0,-1675.0,-1.1
316,ES,Tue,17:30,64,-1537.5,-24.02,550.9790379275921,60.94,-0.35,288.0,-1825.5,-28.52
140,CL,Wed,23:30,222,-840.0,-3.78,325.4319828381454,54.05,-0.17,999.0,-1839.0,-8.28
880,NQ,Thu,23:00,1058,2695.0,2.55,424.45909720562724,66.07,0.2,4761.0,-2066.0,-1.95
106,CL,Wed,06:00,882,1870.0,2.12,346.68419706416927,53.97,0.18,3969.0,-2099.0,-2.38
38,CL,Mon,19:30,153,-1590.0,-10.39,394.1761513022339,59.48,-0.33,688.5,-2278.5,-14.89
698,NQ,Mon,02:30,1356,3750.0,2.77,538.8310632328407,56.27,0.19,6102.0,-2352.0,-1.73
458,ES,Sun,18:00,3486,13325.0,3.82,507.192352868188,55.48,0.44,15687.0,-2362.0,-0.68
76,CL,Tue,14:30,1343,3660.0,2.73,615.5723880486388,54.21,0.16,6043.5,-2383.5,-1.77
216,CL,Fri,14:00,2398,8160.0,3.4,288.0730392019758,50.54,0.58,10791.0,-2631.0,-1.1
189,CL,Fri,00:30,202,-1890.0,-9.36,357.6485892179564,50.5,-0.37,909.0,-2799.0,-13.86
751,NQ,Tue,05:00,1533,4070.0,2.65,467.0379444439899,64.58,0.22,6898.5,-2828.5,-1.85
915,NQ,Fri,16:30,59,-2585.0,-43.81,204.52708062632342,42.37,-1.65,265.5,-2850.5,-48.31
695,NQ,Mon,01:00,1211,2440.0,2.01,395.83449222298935,66.39,0.18,5449.5,-3009.5,-2.49
661,FDAX,Fri,05:30,2410,10175.0,4.22,1135.6185906046423,55.68,0.18,13255.0,-3080.0,-1.28
81,CL,Tue,17:30,9,-3140.0,-348.89,339.39078650118176,0.0,-3.08,40.5,-3180.5,-353.39
512,FDAX,Mon,22:30,158,-2400.0,-15.19,1404.7628135897426,60.76,-0.14,869.0,-3269.0,-20.69
194,CL,Fri,03:00,736,-10.0,-0.01,342.92954791048896,54.62,-0.0,3312.0,-3322.0,-4.51
39,CL,Mon,20:00,554,-1100.0,-1.99,479.06405690516067,53.61,-0.1,2493.0,-3593.0,-6.49
604,FDAX,Wed,23:30,133,-3700.0,-27.82,1573.7027309414325,56.39,-0.2,731.5,-4431.5,-33.32
188,CL,Fri,00:00,182,-3960.0,-21.76,364.2811455145772,53.3,-0.81,819.0,-4779.0,-26.26
101,CL,Wed,03:30,843,-1000.0,-1.19,316.4665554983682,52.31,-0.11,3793.5,-4793.5,-5.69
733,NQ,Mon,20:00,1603,2370.0,1.48,568.9662779750988,68.43,0.1,7213.5,-4843.5,-3.02
365,ES,Wed,18:30,1028,-550.0,-0.54,574.5664452770166,43.58,-0.03,4626.0,-5176.0,-5.04
174,CL,Thu,16:30,185,-4450.0,-24.05,293.6618392230569,50.27,-1.11,832.5,-5282.5,-28.55
631,FDAX,Thu,13:00,1448,2575.0,1.78,1801.1518805033352,52.69,0.04,7964.0,-5389.0,-3.72
603,FDAX,Wed,23:00,80,-4950.0,-61.88,1984.3492660047707,58.75,-0.28,440.0,-5390.0,-67.38
693,NQ,Mon,00:00,1023,-855.0,-0.84,370.9569531186624,66.47,-0.07,4603.5,-5458.5,-5.34
376,ES,Thu,00:00,1111,-587.5,-0.53,378.3530670072476,44.28,-0.05,4999.5,-5587.0,-5.03
737,NQ,Mon,22:00,1082,-750.0,-0.69,401.60763908554867,65.43,-0.06,4869.0,-5619.0,-5.19
653,FDAX,Fri,01:30,211,-4625.0,-21.92,1317.3417454974053,60.19,-0.24,1160.5,-5785.5,-27.42
139,CL,Wed,23:00,240,-4760.0,-19.83,423.3221441588272,56.67,-0.73,1080.0,-5840.0,-24.33
196,CL,Fri,04:00,973,-1560.0,-1.6,354.3609732619593,49.54,-0.14,4378.5,-5938.5,-6.1
594,FDAX,Wed,17:00,29,-5850.0,-201.72,359.6830843704858,10.34,-3.02,159.5,-6009.5,-207.22
79,CL,Tue,16:00,549,-3629.99,-6.61,937.9200112197842,52.82,-0.17,2470.5,-6100.49,-11.11
137,CL,Wed,22:00,257,-4970.0,-19.34,447.5776174660766,52.53,-0.69,1156.5,-6126.5,-23.84
227,CL,Sun,20:00,708,-2950.0,-4.17,454.1280122462959,53.39,-0.24,3186.0,-6136.0,-8.67
741,NQ,Tue,00:00,1022,-1605.0,-1.57,406.8594686808126,70.74,-0.12,4599.0,-6204.0,-6.07
195,CL,Fri,03:30,648,-3510.0,-5.42,346.8535632202925,51.08,-0.4,2916.0,-6426.0,-9.92
895,NQ,Fri,06:30,1565,605.0,0.39,494.6938984307729,65.94,0.03,7042.5,-6437.5,-4.11
556,FDAX,Tue,22:00,135,-5750.0,-42.59,2149.1626147690263,58.52,-0.23,742.5,-6492.5,-48.09
688,FDAX,Sun,21:30,218,-5500.0,-25.23,3224.0625676683358,60.09,-0.12,1199.0,-6699.0,-30.73
128,CL,Wed,17:30,32,-6640.0,-207.5,336.6820958149116,25.0,-3.49,144.0,-6784.0,-212.0
151,CL,Thu,05:00,854,-2990.0,-3.5,579.5019678199327,47.19,-0.18,3843.0,-6833.0,-8.0
197,CL,Fri,04:30,1037,-2170.0,-2.09,366.4037281249118,51.49,-0.18,4666.5,-6836.5,-6.59
419,ES,Thu,22:00,1076,-2062.5,-1.92,455.48621126913025,47.49,-0.14,4842.0,-6904.5,-6.42
725,NQ,Mon,16:00,1884,1340.0,0.71,498.7160875866759,64.12,0.06,8478.0,-7138.0,-3.79
743,NQ,Tue,01:00,1202,-1780.0,-1.48,396.3080178502654,67.05,-0.13,5409.0,-7189.0,-5.98
126,CL,Wed,16:00,342,-5840.0,-17.08,351.51984271638247,52.63,-0.9,1539.0,-7379.0,-21.58
551,FDAX,Tue,19:30,306,-5725.0,-18.71,1765.6139647460202,48.69,-0.19,1683.0,-7408.0,-24.21
324,ES,Tue,21:30,1397,-1125.0,-0.81,456.3090202362846,45.53,-0.07,6286.5,-7411.5,-5.31
131,CL,Wed,19:00,87,-7030.0,-80.8,511.2415652722298,44.83,-1.47,391.5,-7421.5,-85.3
835,NQ,Thu,00:00,1061,-2705.0,-2.55,396.8824010181588,66.82,-0.21,4774.5,-7479.5,-7.05
749,NQ,Tue,04:00,1984,1405.0,0.71,418.7107882169986,64.21,0.08,8928.0,-7523.0,-3.79
94,CL,Wed,00:00,170,-6780.0,-39.88,322.1065726759698,44.71,-1.61,765.0,-7545.0,-44.38
230,CL,Sun,21:30,591,-5050.0,-8.54,416.69511673248303,55.16,-0.5,2659.5,-7709.5,-13.04
134,CL,Wed,20:30,267,-6640.0,-24.87,347.8584804992352,54.31,-1.17,1201.5,-7841.5,-29.37
183,CL,Thu,21:30,276,-6760.0,-24.49,448.9860354470964,50.72,-0.91,1242.0,-8002.0,-28.99
48,CL,Tue,00:30,188,-7160.0,-38.09,323.7176243781282,49.47,-1.61,846.0,-8006.0,-42.59
891,NQ,Fri,04:30,1394,-1740.0,-1.25,470.89772989217084,62.27,-0.1,6273.0,-8013.0,-5.75
97,CL,Wed,01:30,285,-6780.0,-23.79,340.25418159610575,52.28,-1.18,1282.5,-8062.5,-28.29
93,CL,Tue,23:30,199,-7310.0,-36.73,335.71855612005487,46.23,-1.54,895.5,-8205.5,-41.23
504,FDAX,Mon,17:00,27,-8150.0,-301.85,330.20433111166227,3.7,-4.75,148.5,-8298.5,-307.35
42,CL,Mon,21:30,375,-6680.0,-17.81,361.42322928495867,47.73,-0.95,1687.5,-8367.5,-22.31
109,CL,Wed,07:30,951,-4120.0,-4.33,372.7092066697631,50.89,-0.36,4279.5,-8399.5,-8.83
529,FDAX,Tue,07:00,2005,2525.0,1.26,1032.3621237044977,55.86,0.05,11027.5,-8502.5,-4.24
57,CL,Tue,05:00,1099,-3580.0,-3.26,351.1289781060837,53.23,-0.31,4945.5,-8525.5,-7.76
185,CL,Thu,22:30,509,-6240.0,-12.26,525.9964212871896,57.96,-0.53,2290.5,-8530.5,-16.76
783,NQ,Tue,21:30,1254,-3100.0,-2.47,414.00134799269136,66.75,-0.21,5643.0,-8743.0,-6.97
132,CL,Wed,19:30,81,-8380.0,-103.46,379.58252698663614,46.91,-2.45,364.5,-8744.5,-107.96
775,NQ,Tue,17:30,146,-8135.0,-55.72,519.2062873955244,55.48,-1.3,657.0,-8792.0,-60.22
735,NQ,Mon,21:00,1118,-3790.0,-3.39,392.84913190270004,69.32,-0.29,5031.0,-8821.0,-7.89
206,CL,Fri,09:00,2397,1740.0,0.73,325.1857876695001,51.86,0.11,10786.5,-9046.5,-3.77
168,CL,Thu,13:30,1320,-3230.0,-2.45,374.61406377680805,49.85,-0.24,5940.0,-9170.0,-6.95
774,NQ,Tue,16:30,731,-5900.0,-8.07,826.5578734852693,58.69,-0.26,3289.5,-9189.5,-12.57
138,CL,Wed,22:30,313,-7850.0,-25.08,401.8404005762773,55.27,-1.1,1408.5,-9258.5,-29.58
191,CL,Fri,01:30,283,-7990.0,-28.23,371.7245615841924,51.59,-1.28,1273.5,-9263.5,-32.73
199,CL,Fri,05:30,812,-5680.0,-7.0,344.9867555230962,52.59,-0.58,3654.0,-9334.0,-11.5
96,CL,Wed,01:00,208,-8440.0,-40.58,414.3182126045276,45.67,-1.41,936.0,-9376.0,-45.08
726,NQ,Mon,16:30,641,-6555.0,-10.23,428.32667184289664,60.37,-0.6,2884.5,-9439.5,-14.73
1,CL,Mon,00:30,249,-8430.0,-33.86,370.91483061788625,52.61,-1.44,1120.5,-9550.5,-38.36
37,CL,Mon,19:00,227,-8530.0,-37.58,548.1415276732265,64.76,-1.03,1021.5,-9551.5,-42.08
127,CL,Wed,16:30,217,-8680.0,-40.0,308.36635770454745,47.93,-1.91,976.5,-9656.5,-44.5
793,NQ,Wed,02:30,975,-5420.0,-5.56,401.8044136345386,63.38,-0.43,4387.5,-9807.5,-10.06
44,CL,Mon,22:30,368,-8420.0,-22.88,404.3757393480563,49.18,-1.09,1656.0,-10076.0,-27.38
178,CL,Thu,19:00,90,-9690.0,-107.67,461.33427829339166,46.67,-2.21,405.0,-10095.0,-112.17
927,NQ,Sun,22:30,977,-5715.0,-5.85,418.58520109545157,58.65,-0.44,4396.5,-10111.5,-10.35
649,FDAX,Thu,23:30,162,-9225.0,-56.94,1312.9173397414586,59.26,-0.55,891.0,-10116.0,-62.44
226,CL,Sun,19:30,334,-8640.0,-25.87,458.2041425728185,53.59,-1.03,1503.0,-10143.0,-30.37
201,CL,Fri,06:30,837,-6560.0,-7.84,356.2638080235432,48.03,-0.64,3766.5,-10326.5,-12.34
193,CL,Fri,02:30,491,-8180.0,-16.66,394.29740871388645,52.75,-0.94,2209.5,-10389.5,-21.16
883,NQ,Fri,00:30,921,-6245.0,-6.78,452.5568420891681,64.39,-0.45,4144.5,-10389.5,-11.28
590,FDAX,Wed,15:00,978,-5125.0,-5.24,1647.4690643053402,56.34,-0.1,5379.0,-10504.0,-10.74
192,CL,Fri,02:00,446,-8600.0,-19.28,465.98202715021455,57.17,-0.87,2007.0,-10607.0,-23.78
707,NQ,Mon,07:00,1976,-1750.0,-0.89,769.844370316009,63.51,-0.05,8892.0,-10642.0,-5.39
734,NQ,Mon,20:30,1397,-4380.0,-3.14,469.52608051046354,67.36,-0.25,6286.5,-10666.5,-7.64
868,NQ,Thu,16:30,846,-7220.0,-8.53,552.018279117972,57.92,-0.45,3807.0,-11027.0,-13.03
516,FDAX,Tue,00:30,192,-10050.0,-52.34,1210.3993008940117,51.04,-0.6,1056.0,-11106.0,-57.84
45,CL,Mon,23:00,290,-9810.0,-33.83,364.8009821930835,54.14,-1.58,1305.0,-11115.0,-38.33
208,CL,Fri,10:00,1963,-2500.0,-1.27,303.7683878180371,50.08,-0.19,8833.5,-11333.5,-5.77
650,FDAX,Fri,00:00,85,-11100.0,-130.59,1325.2884707912935,48.24,-0.91,467.5,-11567.5,-136.09
27,CL,Mon,13:30,1583,-4480.0,-2.83,413.75535653086723,52.62,-0.27,7123.5,-11603.5,-7.33
5,CL,Mon,02:30,802,-8070.0,-10.06,425.09291106356983,54.99,-0.67,3609.0,-11679.0,-14.56
92,CL,Tue,23:00,206,-10810.0,-52.48,326.7328020018899,43.69,-2.31,927.0,-11737.0,-56.98
640,FDAX,Thu,19:00,143,-11000.0,-76.92,3218.8048872977497,41.96,-0.29,786.5,-11786.5,-82.42
326,ES,Tue,22:30,1097,-6900.0,-6.29,431.34953343881983,46.49,-0.48,4936.5,-11836.5,-10.79
701,NQ,Mon,04:00,2111,-2350.0,-1.11,470.6448303872733,65.32,-0.11,9499.5,-11849.5,-5.61
513,FDAX,Mon,23:00,117,-11375.0,-97.22,1258.2648226763213,57.26,-0.84,643.5,-12018.5,-102.72
391,ES,Thu,07:30,3290,2675.0,0.81,403.1094744797274,46.41,0.12,14805.0,-12130.0,-3.69
144,CL,Thu,01:30,330,-10660.0,-32.3,433.20131777895045,52.73,-1.35,1485.0,-12145.0,-36.8
177,CL,Thu,18:30,85,-11960.0,-140.71,570.0454355077835,44.71,-2.28,382.5,-12342.5,-145.21
412,ES,Thu,18:30,764,-9062.5,-11.86,612.5792351794289,40.45,-0.54,3438.0,-12500.5,-16.36
105,CL,Wed,05:30,915,-8630.0,-9.43,343.7979720279462,52.24,-0.83,4117.5,-12747.5,-13.93
413,ES,Thu,19:00,1079,-7900.0,-7.32,566.0798552421735,49.21,-0.42,4855.5,-12755.5,-11.82
374,ES,Wed,23:00,1054,-8125.0,-7.71,362.29939804928233,46.96,-0.69,4743.0,-12868.0,-12.21
436,ES,Fri,06:30,3088,987.5,0.32,387.84807682494977,45.14,0.05,13896.0,-12908.5,-4.18
607,FDAX,Thu,01:00,310,-11350.0,-36.61,1413.6979481155468,61.61,-0.46,1705.0,-13055.0,-42.11
41,CL,Mon,21:00,658,-10500.0,-15.96,366.32788155412265,53.19,-1.12,2961.0,-13461.0,-20.46
788,NQ,Wed,00:00,867,-9615.0,-11.09,547.1489668242835,68.63,-0.6,3901.5,-13516.5,-15.59
330,ES,Wed,00:30,814,-9975.0,-12.25,446.27526180467635,43.86,-0.78,3663.0,-13638.0,-16.75
157,CL,Thu,08:00,1066,-8860.0,-8.31,304.7741504726476,52.25,-0.89,4797.0,-13657.0,-12.81
35,CL,Mon,18:00,422,-12020.0,-28.48,724.415760185026,54.5,-0.81,1899.0,-13919.0,-32.98
24,CL,Mon,12:00,1823,-5980.0,-3.28,447.092181059424,51.29,-0.31,8203.5,-14183.5,-7.78
36,CL,Mon,18:30,228,-13440.0,-58.95,631.452222189792,57.89,-1.41,1026.0,-14466.0,-63.45
427,ES,Fri,02:00,1446,-8137.5,-5.63,424.17790361625396,46.75,-0.5,6507.0,-14644.5,-10.13
203,CL,Fri,07:30,991,-10240.0,-10.33,371.7748639821071,51.87,-0.87,4459.5,-14699.5,-14.83
0,CL,Mon,00:00,311,-13350.0,-42.93,459.97066655084046,49.84,-1.65,1399.5,-14749.5,-47.43
176,CL,Thu,18:00,195,-13900.0,-71.28,468.59945738112646,48.72,-2.12,877.5,-14777.5,-75.78
331,ES,Wed,01:00,1280,-9062.5,-7.08,433.8729574328754,47.89,-0.58,5760.0,-14822.5,-11.58
90,CL,Tue,22:00,279,-13690.0,-49.07,384.59431989008255,53.05,-2.13,1255.5,-14945.5,-53.57
17,CL,Mon,08:30,1822,-7000.0,-3.84,394.58282198521573,50.55,-0.42,8199.0,-15199.0,-8.34
424,ES,Fri,00:30,808,-11637.5,-14.4,377.35328212882825,44.93,-1.08,3636.0,-15273.5,-18.9
187,CL,Thu,23:30,265,-14090.0,-53.17,472.08328878143715,53.96,-1.83,1192.5,-15282.5,-57.67
120,CL,Wed,13:00,1094,-10400.0,-9.51,350.94895200616475,50.55,-0.9,4923.0,-15323.0,-14.01
828,NQ,Wed,20:30,1107,-10560.0,-9.54,437.6064221280908,65.67,-0.73,4981.5,-15541.5,-14.04
886,NQ,Fri,02:00,1619,-8570.0,-5.29,421.71051972534815,60.35,-0.51,7285.5,-15855.5,-9.79
615,FDAX,Thu,05:00,2737,-875.0,-0.32,1150.999969716859,53.34,-0.01,15053.5,-15928.5,-5.82
278,ES,Mon,22:00,1239,-10362.5,-8.36,351.4150956136602,47.22,-0.84,5575.5,-15938.0,-12.86
790,NQ,Wed,01:00,1051,-11455.0,-10.9,416.0133643792266,64.03,-0.85,4729.5,-16184.5,-15.4
130,CL,Wed,18:30,126,-15700.0,-124.6,594.3489088728161,53.17,-2.35,567.0,-16267.0,-129.1
728,NQ,Mon,17:30,150,-15705.0,-104.7,395.9515045554588,56.67,-3.24,675.0,-16380.0,-109.2
342,ES,Wed,06:30,2747,-4075.0,-1.48,693.0819918926828,39.28,-0.11,12361.5,-16436.5,-5.98
237,ES,Mon,01:00,1234,-10937.5,-8.86,607.3345463661756,42.87,-0.51,5553.0,-16490.5,-13.36
165,CL,Thu,12:00,1710,-8960.0,-5.24,361.0410486585542,49.42,-0.6,7695.0,-16655.0,-9.74
234,CL,Sun,23:30,398,-14870.0,-37.36,412.3219654975294,51.26,-1.81,1791.0,-16661.0,-41.86
280,ES,Mon,23:00,1041,-12012.5,-11.54,413.06558182644744,43.32,-0.9,4684.5,-16697.0,-16.04
229,CL,Sun,21:00,666,-13710.0,-20.59,417.13787852164296,55.26,-1.27,2997.0,-16707.0,-25.09
742,NQ,Tue,00:30,1016,-12420.0,-12.22,359.7947182018607,66.73,-1.08,4572.0,-16992.0,-16.72
689,FDAX,Sun,22:00,191,-16025.0,-83.9,1328.7432113208718,51.31,-0.87,1050.5,-17075.5,-89.4
730,NQ,Mon,18:30,923,-12965.0,-14.05,323.0858213164691,65.55,-1.32,4153.5,-17118.5,-18.55
58,CL,Tue,05:30,987,-12800.0,-12.97,333.8368701874792,52.79,-1.22,4441.5,-17241.5,-17.47
99,CL,Wed,02:30,466,-15660.0,-33.61,352.99133608273104,49.57,-2.06,2097.0,-17757.0,-38.11
175,CL,Thu,17:30,27,-17750.0,-657.41,1331.5883583385125,11.11,-2.57,121.5,-17871.5,-661.91
468,ES,Sun,23:00,1282,-12150.0,-9.48,532.5221587924689,44.77,-0.64,5769.0,-17919.0,-13.98
593,FDAX,Wed,16:30,50,-17725.0,-354.5,947.7644211296305,26.0,-2.64,275.0,-18000.0,-360.0
78,CL,Tue,15:30,709,-14890.0,-21.0,802.5705312194324,50.78,-0.7,3190.5,-18080.5,-25.5
251,ES,Mon,08:00,4603,2400.0,0.52,441.5366791017687,44.12,0.08,20713.5,-18313.5,-3.98
10,CL,Mon,05:00,1161,-13110.0,-11.29,349.1670577508633,53.23,-1.1,5224.5,-18334.5,-15.79
156,CL,Thu,07:30,983,-14000.0,-14.24,379.2150807362618,48.83,-1.18,4423.5,-18423.5,-18.74
875,NQ,Thu,20:30,1328,-12490.0,-9.41,479.57127302619716,64.23,-0.71,5976.0,-18466.0,-13.91
887,NQ,Fri,02:30,1285,-12690.0,-9.88,436.26684694444896,57.9,-0.81,5782.5,-18472.5,-14.38
53,CL,Tue,03:00,970,-14440.0,-14.89,331.689599572322,49.18,-1.4,4365.0,-18805.0,-19.39
757,NQ,Tue,08:00,2244,-8760.0,-3.9,517.2867256084028,63.19,-0.36,10098.0,-18858.0,-8.4
794,NQ,Wed,03:00,1879,-10495.0,-5.59,382.4094107406726,60.14,-0.63,8455.5,-18950.5,-10.09
431,ES,Fri,04:00,3474,-3437.5,-0.99,391.40037032376364,44.01,-0.15,15633.0,-19070.5,-5.49
382,ES,Thu,03:00,3345,-4100.0,-1.23,483.15117993865806,47.23,-0.15,15052.5,-19152.5,-5.73
832,NQ,Wed,22:30,1043,-14665.0,-14.06,386.74471832742114,63.95,-1.17,4693.5,-19358.5,-18.56
426,ES,Fri,01:30,1170,-14100.0,-12.05,383.4823546898756,45.9,-1.07,5265.0,-19365.0,-16.55
7,CL,Mon,03:30,1168,-14120.0,-12.09,359.5182628418262,53.77,-1.15,5256.0,-19376.0,-16.59
13,CL,Mon,06:30,1083,-14520.0,-13.41,379.69746743281036,52.54,-1.16,4873.5,-19393.5,-17.91
882,NQ,Fri,00:00,852,-15800.0,-18.54,399.51512225263286,63.62,-1.35,3834.0,-19634.0,-23.04
60,CL,Tue,06:30,860,-15930.0,-18.52,387.1233853177644,49.07,-1.4,3870.0,-19800.0,-23.02
110,CL,Wed,08:00,1436,-13980.0,-9.74,369.1629959263753,50.77,-1.0,6462.0,-20442.0,-14.24
33,CL,Mon,16:30,460,-18520.0,-40.26,850.2414803239416,54.13,-1.02,2070.0,-20590.0,-44.76
890,NQ,Fri,04:00,2419,-9715.0,-4.02,435.060964882256,52.46,-0.45,10885.5,-20600.5,-8.52
103,CL,Wed,04:30,1048,-15990.0,-15.26,341.901147160204,51.62,-1.44,4716.0,-20706.0,-19.76
85,CL,Tue,19:30,338,-19330.01,-57.19,707.9619979609299,58.58,-1.49,1521.0,-20851.01,-61.69
218,CL,Fri,15:00,491,-18760.0,-38.21,300.41339148433883,46.84,-2.82,2209.5,-20969.5,-42.71
239,ES,Mon,02:00,2147,-11375.0,-5.3,490.9286242720249,44.53,-0.5,9661.5,-21036.5,-9.8
834,NQ,Wed,23:30,879,-17195.0,-19.56,376.72943102939433,66.33,-1.54,3955.5,-21150.5,-24.06
136,CL,Wed,21:30,316,-19740.0,-62.47,399.3282948964652,48.1,-2.78,1422.0,-21162.0,-66.97
6,CL,Mon,03:00,1269,-15550.0,-12.25,349.5889286852904,50.83,-1.25,5710.5,-21260.5,-16.75
770,NQ,Tue,14:30,3850,-4060.0,-1.05,520.571467503514,63.95,-0.13,17325.0,-21385.0,-5.55
375,ES,Wed,23:30,904,-17362.5,-19.21,324.94749856892463,39.16,-1.78,4068.0,-21430.5,-23.71
100,CL,Wed,03:00,611,-19140.0,-31.33,340.58104406951844,48.94,-2.27,2749.5,-21889.5,-35.83
411,ES,Thu,18:00,1238,-16575.0,-13.39,446.8521650510063,47.58,-1.05,5571.0,-22146.0,-17.89
796,NQ,Wed,04:00,1860,-13815.0,-7.43,511.2320262036137,63.01,-0.63,8370.0,-22185.0,-11.93
638,FDAX,Thu,16:30,63,-21950.0,-348.41,1188.646501005357,34.92,-2.33,346.5,-22296.5,-353.91
146,CL,Thu,02:30,540,-20010.0,-37.06,401.12461214011375,48.33,-2.15,2430.0,-22440.0,-41.56
771,NQ,Tue,15:00,3810,-5500.0,-1.44,517.8528079309074,61.73,-0.17,17145.0,-22645.0,-5.94
804,NQ,Wed,08:00,2465,-11655.0,-4.73,599.9496792651461,60.89,-0.39,11092.5,-22747.5,-9.23
683,FDAX,Sun,19:00,109,-22275.0,-204.36,2439.8999202416285,55.96,-0.87,599.5,-22874.5,-209.86
63,CL,Tue,08:00,1532,-16050.0,-10.48,327.903644378761,52.02,-1.25,6894.0,-22944.0,-14.98
224,CL,Sun,18:30,639,-20100.0,-31.46,488.5910580985245,49.92,-1.63,2875.5,-22975.5,-35.96
200,CL,Fri,06:00,814,-19410.0,-23.85,373.1315228949771,52.46,-1.82,3663.0,-23073.0,-28.35
699,NQ,Mon,03:00,2840,-10740.0,-3.78,495.326799679884,56.37,-0.41,12780.0,-23520.0,-8.28
869,NQ,Thu,17:30,144,-23070.0,-160.21,561.3800038665955,55.56,-3.42,648.0,-23718.0,-164.71
148,CL,Thu,03:30,788,-20200.0,-25.63,393.5034333880768,49.11,-1.83,3546.0,-23746.0,-30.13
509,FDAX,Mon,21:00,275,-22250.0,-80.91,1567.5597902743416,55.64,-0.86,1512.5,-23762.5,-86.41
62,CL,Tue,07:30,1074,-18980.0,-17.67,360.27556814469057,53.17,-1.61,4833.0,-23813.0,-22.17
601,FDAX,Wed,22:00,137,-23300.0,-170.07,1783.989352361379,53.28,-1.12,753.5,-24053.5,-175.57
21,CL,Mon,10:30,2457,-13010.0,-5.3,470.2519365964606,49.78,-0.56,11056.5,-24066.5,-9.8
389,ES,Thu,06:30,2678,-12025.0,-4.49,495.7219407369855,44.55,-0.47,12051.0,-24076.0,-8.99
420,ES,Thu,22:30,983,-19837.5,-20.18,375.9862444385529,45.57,-1.68,4423.5,-24261.0,-24.68
29,CL,Mon,14:30,1149,-19240.0,-16.74,410.5096026024016,52.48,-1.38,5170.5,-24410.5,-21.24
228,CL,Sun,20:30,588,-22140.0,-37.65,424.20133696190334,51.02,-2.15,2646.0,-24786.0,-42.15
720,NQ,Mon,13:30,3454,-9300.0,-2.69,562.2903726820466,63.03,-0.28,15543.0,-24843.0,-7.19
929,NQ,Sun,23:30,1007,-20450.0,-20.31,524.6898208649638,62.07,-1.23,4531.5,-24981.5,-24.81
107,CL,Wed,06:30,706,-21900.0,-31.02,359.77231106045707,44.9,-2.29,3177.0,-25077.0,-35.52
421,ES,Thu,23:00,936,-21112.5,-22.56,411.98724839475386,41.88,-1.68,4212.0,-25324.5,-27.06
838,NQ,Thu,01:30,1151,-20285.0,-17.62,390.71882040083443,63.6,-1.53,5179.5,-25464.5,-22.12
839,NQ,Thu,02:00,1400,-19180.0,-13.7,521.1611300901069,63.64,-0.98,6300.0,-25480.0,-18.2
826,NQ,Wed,19:30,921,-21535.0,-23.38,381.51306244086885,66.99,-1.86,4144.5,-25679.5,-27.88
518,FDAX,Tue,01:30,412,-23550.0,-57.16,1570.062939388987,59.47,-0.74,2266.0,-25816.0,-62.66
55,CL,Tue,04:00,1313,-19990.0,-15.22,373.9794553400046,53.08,-1.48,5908.5,-25898.5,-19.72
88,CL,Tue,21:00,422,-24010.0,-56.9,385.74674045501064,51.66,-3.03,1899.0,-25909.0,-61.4
744,NQ,Tue,01:30,1173,-21075.0,-17.97,411.14785182566305,65.9,-1.5,5278.5,-26353.5,-22.47
694,NQ,Mon,00:30,868,-22605.0,-26.04,393.8297623176923,67.51,-1.95,3906.0,-26511.0,-30.54
8,CL,Mon,04:00,1464,-19970.0,-13.64,374.60180347429196,53.14,-1.39,6588.0,-26558.0,-18.14
129,CL,Wed,18:00,247,-25540.0,-103.4,505.5381922852868,52.23,-3.21,1111.5,-26651.5,-107.9
51,CL,Tue,02:00,592,-24130.0,-40.76,395.2213580367773,51.69,-2.51,2664.0,-26794.0,-45.26
64,CL,Tue,08:30,1668,-19320.0,-11.58,448.20792708091057,53.96,-1.06,7506.0,-26826.0,-16.08
19,CL,Mon,09:30,2938,-13780.0,-4.69,416.1182821285692,48.88,-0.61,13221.0,-27001.0,-9.19
920,NQ,Sun,19:00,1947,-18370.0,-9.44,524.7298666507661,63.79,-0.79,8761.5,-27131.5,-13.94
840,NQ,Thu,02:30,1365,-21320.0,-15.62,402.0838789083416,58.53,-1.44,6142.5,-27462.5,-20.12
215,CL,Fri,13:30,1202,-22090.0,-18.38,331.3190284432584,50.5,-1.92,5409.0,-27499.0,-22.88
40,CL,Mon,20:30,393,-25990.0,-66.13,496.74430018650173,48.85,-2.64,1768.5,-27758.5,-70.63
873,NQ,Thu,19:30,904,-23700.0,-26.22,357.14369446878027,66.26,-2.21,4068.0,-27768.0,-30.72
923,NQ,Sun,20:30,1532,-20960.0,-13.68,551.7068619276517,64.49,-0.97,6894.0,-27854.0,-18.18
779,NQ,Tue,19:30,911,-23980.0,-26.32,377.25815500277486,61.69,-2.11,4099.5,-28079.5,-30.82
273,ES,Mon,19:30,919,-24337.5,-26.48,387.9451532914787,42.55,-2.07,4135.5,-28473.0,-30.98
514,FDAX,Mon,23:30,129,-27825.0,-215.7,1887.006014020007,58.91,-1.3,709.5,-28534.5,-221.2
878,NQ,Thu,22:00,1114,-23625.0,-21.21,475.8746627094596,64.99,-1.49,5013.0,-28638.0,-25.71
323,ES,Tue,21:00,1472,-22350.0,-15.18,484.64462579053065,48.78,-1.2,6624.0,-28974.0,-19.68
219,CL,Fri,15:30,428,-27090.0,-63.29,290.5750287218144,45.79,-4.51,1926.0,-29016.0,-67.79
377,ES,Thu,00:30,1008,-24825.0,-24.63,330.5028149896138,44.64,-2.37,4536.0,-29361.0,-29.13
511,FDAX,Mon,22:00,189,-28450.0,-150.53,1457.493836142485,54.5,-1.42,1039.5,-29489.5,-156.03
160,CL,Thu,09:30,1724,-21969.99,-12.74,398.01123772056724,48.14,-1.33,7758.0,-29727.99,-17.24
892,NQ,Fri,05:00,1570,-22695.0,-14.46,493.9111472739989,60.7,-1.16,7065.0,-29760.0,-18.96
871,NQ,Thu,18:30,942,-25770.0,-27.36,384.3693762231568,67.62,-2.18,4239.0,-30009.0,-31.86
457,ES,Sun,17:30,399,-28800.0,-72.18,740.9810792576867,56.64,-1.95,1795.5,-30595.5,-76.68
292,ES,Tue,05:00,2759,-18300.0,-6.63,337.645937918157,38.75,-1.03,12415.5,-30715.5,-11.13
909,NQ,Fri,13:30,3717,-14030.0,-3.77,1268.085579480765,65.19,-0.18,16726.5,-30756.5,-8.27
378,ES,Thu,01:00,1162,-25562.5,-22.0,348.9571664309247,42.17,-2.15,5229.0,-30791.5,-26.5
697,NQ,Mon,02:00,1468,-24375.0,-16.6,383.9066549784618,64.1,-1.66,6606.0,-30981.0,-21.1
327,ES,Tue,23:00,904,-26962.5,-29.83,467.30823203898757,41.04,-1.92,4068.0,-31030.5,-34.33
866,NQ,Thu,15:30,5705,-5455.0,-0.96,617.6909237814674,62.14,-0.12,25672.5,-31127.5,-5.46
781,NQ,Tue,20:30,1235,-26050.0,-21.09,365.4511701618821,63.16,-2.03,5557.5,-31607.5,-25.59
283,ES,Tue,00:30,894,-27612.5,-30.89,419.06274231940245,41.05,-2.2,4023.0,-31635.5,-35.39
837,NQ,Thu,01:00,1112,-26700.0,-24.01,404.56381804573266,66.1,-1.98,5004.0,-31704.0,-28.51
69,CL,Tue,11:00,2262,-21530.0,-9.52,432.4983508214,51.11,-1.05,10179.0,-31709.0,-14.02
745,NQ,Tue,02:00,1297,-25885.0,-19.96,353.22011055834713,64.15,-2.03,5836.5,-31721.5,-24.46
279,ES,Mon,22:30,1120,-26725.0,-23.86,339.36731275439155,40.71,-2.35,5040.0,-31765.0,-28.36
52,CL,Tue,02:30,557,-29349.99,-52.69,409.0807163509593,44.34,-3.04,2506.5,-31856.49,-57.19
822,NQ,Wed,17:30,149,-31485.0,-211.31,822.3911239803973,52.35,-3.14,670.5,-32155.5,-215.81
217,CL,Fri,14:30,1105,-27220.0,-24.63,291.2144616243181,48.24,-2.81,4972.5,-32192.5,-29.13
202,CL,Fri,07:00,768,-28910.0,-37.64,351.7737323948139,46.35,-2.97,3456.0,-32366.0,-42.14
897,NQ,Fri,07:30,1897,-23840.0,-12.57,593.247493411567,56.51,-0.92,8536.5,-32376.5,-17.07
599,FDAX,Wed,21:00,234,-31300.0,-133.76,2038.136446423936,56.84,-1.0,1287.0,-32587.0,-139.26
750,NQ,Tue,04:30,1548,-25680.0,-16.59,427.73507974809246,57.11,-1.53,6966.0,-32646.0,-21.09
836,NQ,Thu,00:30,1086,-27760.0,-25.56,436.17747557562296,65.19,-1.93,4887.0,-32647.0,-30.06
814,NQ,Wed,13:00,3946,-15125.0,-3.83,590.7099552147898,61.81,-0.41,17757.0,-32882.0,-8.33
740,NQ,Mon,23:30,904,-28845.0,-31.91,396.9308240071337,63.38,-2.42,4068.0,-32913.0,-36.41
705,NQ,Mon,06:00,1470,-26300.0,-17.89,549.6088482136554,63.95,-1.25,6615.0,-32915.0,-22.39
328,ES,Tue,23:30,795,-29675.0,-37.33,368.57981487759986,42.01,-2.86,3577.5,-33252.5,-41.83
86,CL,Tue,20:00,553,-30830.0,-55.75,464.78939486497654,52.26,-2.82,2488.5,-33318.5,-60.25
549,FDAX,Tue,17:00,32,-33275.0,-1039.84,1213.8126312700183,12.5,-4.85,176.0,-33451.0,-1045.34
801,NQ,Wed,06:30,1421,-27070.0,-19.05,427.4344257857921,62.49,-1.68,6394.5,-33464.5,-23.55
198,CL,Fri,05:00,1036,-28910.0,-27.91,360.8778233464175,51.93,-2.49,4662.0,-33572.0,-32.41
461,ES,Sun,19:30,1464,-27025.0,-18.46,414.4257192493034,44.54,-1.7,6588.0,-33613.0,-22.96
829,NQ,Wed,21:00,1136,-28635.0,-25.21,414.2842948899481,63.56,-2.05,5112.0,-33747.0,-29.71
729,NQ,Mon,18:00,1254,-28155.0,-22.45,469.3957286375723,64.04,-1.69,5643.0,-33798.0,-26.95
284,ES,Tue,01:00,1202,-28450.0,-23.67,417.2451459718346,43.84,-1.97,5409.0,-33859.0,-28.17
149,CL,Thu,04:00,1023,-29350.0,-28.69,413.7999140079215,48.58,-2.22,4603.5,-33953.5,-33.19
343,ES,Wed,07:00,3223,-19887.5,-6.17,541.7916173212733,42.79,-0.65,14503.5,-34391.0,-10.67
43,CL,Mon,22:00,312,-33130.0,-106.19,367.748688031693,44.55,-5.1,1404.0,-34534.0,-110.69
232,CL,Sun,22:30,562,-32070.0,-57.06,505.0173384323937,52.67,-2.68,2529.0,-34599.0,-61.56
364,ES,Wed,18:00,1954,-25812.5,-13.21,818.330809720578,49.8,-0.71,8793.0,-34605.5,-17.71
170,CL,Thu,14:30,1022,-30320.0,-29.67,354.1751548548289,45.89,-2.68,4599.0,-34919.0,-34.17
104,CL,Wed,05:00,1051,-30220.0,-28.75,339.8644852519273,46.62,-2.74,4729.5,-34949.5,-33.25
338,ES,Wed,04:30,2606,-23262.5,-8.93,424.8691525696857,41.86,-1.07,11727.0,-34989.5,-13.43
145,CL,Thu,02:00,394,-33310.0,-84.54,364.3955757537745,42.89,-4.61,1773.0,-35083.0,-89.04
124,CL,Wed,15:00,605,-32740.0,-54.12,401.47750208858594,46.94,-3.32,2722.5,-35462.5,-58.62
414,ES,Thu,19:30,715,-32337.5,-45.23,321.2496265748559,40.28,-3.76,3217.5,-35555.0,-49.73
70,CL,Tue,11:30,1963,-26770.0,-13.64,425.8666368440526,50.53,-1.42,8833.5,-35603.5,-18.14
281,ES,Mon,23:30,804,-32237.5,-40.1,339.77981896995107,38.06,-3.35,3618.0,-35855.5,-44.6
3,CL,Mon,01:30,718,-32720.0,-45.57,531.4159749105793,55.43,-2.3,3231.0,-35951.0,-50.07
678,FDAX,Fri,14:00,856,-31400.0,-36.68,1380.9695202543237,51.29,-0.78,4708.0,-36108.0,-42.18
876,NQ,Thu,21:00,1370,-29950.0,-21.86,538.6943835763823,65.62,-1.5,6165.0,-36115.0,-26.36
754,NQ,Tue,06:30,1554,-29315.0,-18.86,451.40424125356327,64.8,-1.65,6993.0,-36308.0,-23.36
789,NQ,Wed,00:30,737,-33375.0,-45.28,635.4474525050354,65.54,-1.93,3316.5,-36691.5,-49.78
824,NQ,Wed,18:30,926,-32615.0,-35.22,424.88425084083065,63.93,-2.52,4167.0,-36782.0,-39.72
799,NQ,Wed,05:30,1158,-31675.0,-27.35,466.4287281721457,64.77,-2.0,5211.0,-36886.0,-31.85
150,CL,Thu,04:30,886,-33459.99,-37.77,316.2005466937926,48.19,-3.56,3987.0,-37446.99,-42.27
738,NQ,Mon,22:30,966,-33360.0,-34.53,429.892913973507,66.25,-2.5,4347.0,-37707.0,-39.03
108,CL,Wed,07:00,915,-33770.0,-36.91,336.6691364757983,47.87,-3.32,4117.5,-37887.5,-41.41
472,FDAX,Mon,01:00,271,-36775.0,-135.7,1773.7138969151372,62.36,-1.26,1490.5,-38265.5,-141.2
928,NQ,Sun,23:00,1068,-33475.0,-31.34,422.2992881133635,60.11,-2.43,4806.0,-38281.0,-35.84
102,CL,Wed,04:00,1074,-33570.0,-31.26,338.78269772662713,45.81,-3.02,4833.0,-38403.0,-35.76
275,ES,Mon,20:30,1868,-30000.0,-16.06,471.05763335219,47.64,-1.47,8406.0,-38406.0,-20.56
212,CL,Fri,12:00,1570,-31380.0,-19.99,485.99046176495347,45.67,-1.63,7065.0,-38445.0,-24.49
213,CL,Fri,12:30,1190,-33220.0,-27.92,398.51978343907047,49.66,-2.42,5355.0,-38575.0,-32.42
769,NQ,Tue,14:00,4096,-20205.0,-4.93,615.5827929519135,60.69,-0.51,18432.0,-38637.0,-9.43
469,ES,Sun,23:30,976,-34387.5,-35.23,496.13003953012065,44.26,-2.22,4392.0,-38779.5,-39.73
547,FDAX,Tue,16:00,361,-37300.0,-103.32,1593.6939629192827,41.83,-1.23,1985.5,-39285.5,-108.82
46,CL,Mon,23:30,263,-38120.0,-144.94,396.04520284931994,39.92,-5.94,1183.5,-39303.5,-149.44
558,FDAX,Tue,23:00,120,-38650.0,-322.08,2018.033673892382,42.5,-1.75,660.0,-39310.0,-327.58
320,ES,Tue,19:30,828,-35637.5,-43.04,351.17922248543164,43.84,-3.53,3726.0,-39363.5,-47.54
423,ES,Fri,00:00,879,-35450.0,-40.33,429.1133908308068,44.03,-2.79,3955.5,-39405.5,-44.83
155,CL,Thu,07:00,913,-35340.0,-38.71,353.096375310595,47.1,-3.31,4108.5,-39448.5,-43.21
417,ES,Thu,21:00,1439,-33050.0,-22.97,414.23513305299025,44.2,-2.1,6475.5,-39525.5,-27.47
271,ES,Mon,18:30,748,-36400.0,-48.66,383.3959274922942,43.58,-3.47,3366.0,-39766.0,-53.16
214,CL,Fri,13:00,1342,-33750.0,-25.15,514.1017407218961,47.69,-1.79,6039.0,-39789.0,-29.65
708,NQ,Mon,07:30,1773,-32235.0,-18.18,519.4513617296003,62.32,-1.47,7978.5,-40213.5,-22.68
158,CL,Thu,08:30,1517,-33460.0,-22.06,337.0385298415575,49.11,-2.55,6826.5,-40286.5,-26.56
842,NQ,Thu,03:30,1630,-33105.0,-20.31,442.62493323137056,58.83,-1.85,7335.0,-40440.0,-24.81
379,ES,Thu,01:30,1374,-34262.5,-24.94,403.8745349353427,41.78,-2.29,6183.0,-40445.5,-29.44
209,CL,Fri,10:30,1971,-31650.0,-16.06,325.5178303963927,49.21,-2.19,8869.5,-40519.5,-20.56
849,NQ,Thu,07:00,1921,-31920.0,-16.62,476.2506049026925,58.51,-1.53,8644.5,-40564.5,-21.12
795,NQ,Wed,03:30,1291,-34925.0,-27.05,406.4770752789743,57.16,-2.39,5809.5,-40734.5,-31.55
850,NQ,Thu,07:30,1885,-32390.0,-17.18,435.09662387889074,60.05,-1.71,8482.5,-40872.5,-21.68
925,NQ,Sun,21:30,1248,-35470.0,-28.42,630.0709537980288,61.38,-1.59,5616.0,-41086.0,-32.92
432,ES,Fri,04:30,2810,-28737.5,-10.23,387.9859688246279,41.67,-1.4,12645.0,-41382.5,-14.73
121,CL,Wed,13:30,1190,-36090.0,-30.33,327.2195561480659,48.82,-3.2,5355.0,-41445.0,-34.83
287,ES,Tue,02:30,1631,-34237.5,-20.99,336.9839973975013,40.83,-2.52,7339.5,-41577.0,-25.49
833,NQ,Wed,23:00,993,-37325.0,-37.59,505.943802800784,64.25,-2.34,4468.5,-41793.5,-42.09
113,CL,Wed,09:30,2164,-32140.0,-14.85,332.365846530972,52.54,-2.08,9738.0,-41878.0,-19.35
637,FDAX,Thu,16:00,387,-39850.0,-102.97,1166.9985333796283,44.19,-1.74,2128.5,-41978.5,-108.47
59,CL,Tue,06:00,966,-37660.0,-38.99,386.7322853232123,48.03,-3.13,4347.0,-42007.0,-43.49
602,FDAX,Wed,22:30,140,-41775.0,-298.39,2101.91590128238,51.43,-1.68,770.0,-42545.0,-303.89
676,FDAX,Fri,13:00,1148,-36350.0,-31.66,1655.9475835568685,52.96,-0.65,6314.0,-42664.0,-37.16
12,CL,Mon,06:00,1037,-38230.0,-36.87,359.0585991225415,48.79,-3.31,4666.5,-42896.5,-41.37
803,NQ,Wed,07:30,1586,-35930.0,-22.65,447.05974212673215,64.12,-2.02,7137.0,-43067.0,-27.15
367,ES,Wed,19:30,873,-39637.5,-45.4,481.12952908611885,41.01,-2.79,3928.5,-43566.0,-49.9
235,ES,Mon,00:00,987,-39512.5,-40.03,476.62585277054285,42.55,-2.64,4441.5,-43954.0,-44.53
861,NQ,Thu,13:00,4685,-23285.0,-4.97,713.9193723084022,62.5,-0.48,21082.5,-44367.5,-9.47
167,CL,Thu,13:00,1406,-38090.0,-27.09,367.2690344738151,51.85,-2.77,6327.0,-44417.0,-31.59
776,NQ,Tue,18:00,1494,-37905.0,-25.37,478.19981476729,62.18,-2.05,6723.0,-44628.0,-29.87
575,FDAX,Wed,07:30,2278,-32125.0,-14.1,1120.7200515642155,55.09,-0.6,12529.0,-44654.0,-19.6
248,ES,Mon,06:30,2876,-32162.5,-11.18,548.7796281760023,40.72,-1.09,12942.0,-45104.5,-15.68
902,NQ,Fri,10:00,8673,-6245.0,-0.72,563.0314042018664,60.69,-0.12,39028.5,-45273.5,-5.22
645,FDAX,Thu,21:30,270,-43975.0,-162.87,2222.389158202111,55.19,-1.2,1485.0,-45460.0,-168.37
268,ES,Mon,16:30,771,-42062.5,-54.56,381.25161971436347,31.26,-3.97,3469.5,-45532.0,-59.06
889,NQ,Fri,03:30,1642,-38620.0,-23.52,484.24209289554886,53.59,-1.97,7389.0,-46009.0,-28.02
68,CL,Tue,10:30,2106,-36560.0,-17.36,389.12637558116546,47.15,-2.05,9477.0,-46037.0,-21.86
225,CL,Sun,19:00,426,-44240.0,-103.85,444.3117152586418,46.01,-4.82,1917.0,-46157.0,-108.35
274,ES,Mon,20:00,2088,-36787.5,-17.62,509.9666173825662,48.8,-1.58,9396.0,-46183.5,-22.12
111,CL,Wed,08:30,1539,-39460.0,-25.64,304.4533336665388,46.85,-3.3,6925.5,-46385.5,-30.14
335,ES,Wed,03:00,3109,-32625.0,-10.49,497.9645521346433,42.33,-1.18,13990.5,-46615.5,-14.99
334,ES,Wed,02:30,1531,-39950.0,-26.09,394.7821790879523,38.99,-2.59,6889.5,-46839.5,-30.59
846,NQ,Thu,05:30,1606,-39760.0,-24.76,402.49146605194437,52.12,-2.47,7227.0,-46987.0,-29.26
541,FDAX,Tue,13:00,1466,-39275.0,-26.79,2280.2551986857006,55.32,-0.45,8063.0,-47338.0,-32.29
135,CL,Wed,21:00,511,-45260.0,-88.57,462.49844147292066,47.55,-4.33,2299.5,-47559.5,-93.07
874,NQ,Thu,20:00,1920,-39115.0,-20.37,558.8357531772378,63.54,-1.6,8640.0,-47755.0,-24.87
690,FDAX,Sun,22:30,88,-47450.0,-539.2,1722.4005712363178,51.14,-2.94,484.0,-47934.0,-544.7
746,NQ,Tue,02:30,1518,-41500.0,-27.34,325.63648739572676,53.1,-3.27,6831.0,-48331.0,-31.84
270,ES,Mon,18:00,1236,-42887.5,-34.7,453.06185641587365,44.66,-2.69,5562.0,-48449.5,-39.2
204,CL,Fri,08:00,1245,-42930.0,-34.48,319.03616047487657,49.96,-3.81,5602.5,-48532.5,-38.98
577,FDAX,Wed,08:30,3017,-32150.0,-10.66,1202.1446077788482,55.62,-0.49,16593.5,-48743.5,-16.16
153,CL,Thu,06:00,732,-45609.99,-62.31,385.2488451116459,44.67,-4.38,3294.0,-48903.99,-66.81
782,NQ,Tue,21:00,1138,-44215.0,-38.85,417.44203510944493,64.85,-3.14,5121.0,-49336.0,-43.35
415,ES,Thu,20:00,2132,-40050.0,-18.79,504.45610679669875,47.23,-1.72,9594.0,-49644.0,-23.29
211,CL,Fri,11:30,1777,-41810.0,-23.53,340.21204935729156,47.55,-2.92,7996.5,-49806.5,-28.03
595,FDAX,Wed,19:00,169,-49175.0,-290.98,2265.988975072639,53.25,-1.67,929.5,-50104.5,-296.48
706,NQ,Mon,06:30,1575,-43570.0,-27.66,596.1709680603916,65.52,-1.84,7087.5,-50657.5,-32.16
646,FDAX,Thu,22:00,94,-50550.0,-537.77,1296.7999524514585,40.43,-4.02,517.0,-51067.0,-543.27
368,ES,Wed,20:00,2161,-41550.0,-19.23,435.8518144265584,47.89,-2.05,9724.5,-51274.5,-23.73
877,NQ,Thu,21:30,1308,-45425.0,-34.73,487.8586932226157,59.4,-2.57,5886.0,-51311.0,-39.23
77,CL,Tue,15:00,799,-47870.0,-59.91,546.4018589827775,47.18,-3.1,3595.5,-51465.5,-64.41
416,ES,Thu,20:30,1666,-44087.5,-26.46,394.22137115752895,44.36,-2.74,7497.0,-51584.5,-30.96
133,CL,Wed,20:00,470,-49540.0,-105.4,440.25886242520835,44.47,-5.19,2115.0,-51655.0,-109.9
418,ES,Thu,21:30,1198,-46275.0,-38.63,425.65252007757584,42.82,-3.14,5391.0,-51666.0,-43.13
333,ES,Wed,02:00,1641,-44325.0,-27.01,409.27200672580267,42.17,-2.67,7384.5,-51709.5,-31.51
780,NQ,Tue,20:00,1534,-44830.0,-29.22,625.2252441389444,64.67,-1.83,6903.0,-51733.0,-33.72
322,ES,Tue,20:30,1494,-45787.5,-30.65,477.6379176524001,44.38,-2.48,6723.0,-52510.5,-35.15
893,NQ,Fri,05:30,1206,-47450.0,-39.34,637.2977069026359,59.62,-2.14,5427.0,-52877.0,-43.84
704,NQ,Mon,05:30,1296,-47105.0,-36.35,618.5124922305996,62.58,-2.12,5832.0,-52937.0,-40.85
272,ES,Mon,19:00,976,-48900.0,-50.1,413.5047852686843,44.77,-3.79,4392.0,-53292.0,-54.6
207,CL,Fri,09:30,1989,-44390.0,-22.32,334.07188866074983,49.87,-2.98,8950.5,-53340.5,-26.82
581,FDAX,Wed,10:30,2713,-38450.0,-14.17,1383.739997881193,55.62,-0.53,14921.5,-53371.5,-19.67
703,NQ,Mon,05:00,1496,-46905.0,-31.35,440.6725127635676,59.96,-2.75,6732.0,-53637.0,-35.85
467,ES,Sun,22:30,1265,-48000.0,-37.94,500.8728782153317,42.61,-2.69,5692.5,-53692.5,-42.44
506,FDAX,Mon,19:30,406,-52375.0,-129.0,1577.3319957083468,55.67,-1.65,2233.0,-54608.0,-134.5
115,CL,Wed,10:30,2761,-42200.0,-15.28,308.1693199266519,49.19,-2.61,12424.5,-54624.5,-19.78
56,CL,Tue,04:30,1205,-49210.0,-40.84,362.64628892136074,48.8,-3.91,5422.5,-54632.5,-45.34
879,NQ,Thu,22:30,1797,-46690.0,-25.98,340.0085085321465,38.06,-3.24,8086.5,-54776.5,-30.48
830,NQ,Wed,21:30,1244,-49315.0,-39.64,502.6491892107782,62.94,-2.78,5598.0,-54913.0,-44.14
926,NQ,Sun,22:00,1097,-50105.0,-45.67,532.8526391556366,59.71,-2.84,4936.5,-55041.5,-50.17
773,NQ,Tue,16:00,2471,-43950.0,-17.79,566.087964430209,62.73,-1.56,11119.5,-55069.5,-22.29
523,FDAX,Tue,04:00,3218,-37600.0,-11.68,1166.9405667647848,56.77,-0.57,17699.0,-55299.0,-17.18
428,ES,Fri,02:30,1469,-49150.0,-33.46,390.3998205355319,41.18,-3.28,6610.5,-55760.5,-37.96
732,NQ,Mon,19:30,902,-51900.0,-57.54,421.3619982447687,64.97,-4.1,4059.0,-55959.0,-62.04
321,ES,Tue,20:00,1931,-47412.5,-24.55,428.5525227669592,44.69,-2.52,8689.5,-56102.0,-29.05
572,FDAX,Wed,06:00,2341,-43625.0,-18.64,1017.6033756385405,54.98,-0.89,12875.5,-56500.5,-24.14
888,NQ,Fri,03:00,2003,-47495.0,-23.71,558.6107029720577,59.96,-1.9,9013.5,-56508.5,-28.21
896,NQ,Fri,07:00,1630,-49445.0,-30.33,513.5879237463562,60.67,-2.38,7335.0,-56780.0,-34.83
818,NQ,Wed,15:00,4462,-36830.0,-8.25,723.7692364274752,63.25,-0.76,20079.0,-56909.0,-12.75
692,FDAX,Sun,23:30,155,-56075.0,-361.77,2409.357282267497,52.9,-1.87,852.5,-56927.5,-367.27
847,NQ,Thu,06:00,1546,-50480.0,-32.65,425.97314953957215,54.27,-3.01,6957.0,-57437.0,-37.15
798,NQ,Wed,05:00,1465,-50905.0,-34.75,398.43298467099777,61.37,-3.34,6592.5,-57497.5,-39.25
643,FDAX,Thu,20:30,567,-54425.0,-95.99,1644.5213664109979,54.67,-1.39,3118.5,-57543.5,-101.49
635,FDAX,Thu,15:00,718,-53800.0,-74.93,1926.8405305811489,52.92,-1.04,3949.0,-57749.0,-80.43
597,FDAX,Wed,20:00,422,-55575.0,-131.69,2717.1037017909107,53.32,-1.0,2321.0,-57896.0,-137.19
885,NQ,Fri,01:30,1083,-53865.0,-49.74,490.7416865902941,58.36,-3.34,4873.5,-58738.5,-54.24
791,NQ,Wed,01:30,1021,-54340.0,-53.22,440.1608980892303,59.55,-3.86,4594.5,-58934.5,-57.72
620,FDAX,Thu,07:30,1925,-48750.0,-25.32,1486.6768712746969,57.09,-0.75,10587.5,-59337.5,-30.82
381,ES,Thu,02:30,1744,-51725.0,-29.66,415.75356139403846,42.78,-2.98,7848.0,-59573.0,-34.16
700,NQ,Mon,03:30,1428,-54675.0,-38.29,470.82479829055535,58.33,-3.07,6426.0,-61101.0,-42.79
112,CL,Wed,09:00,2227,-51210.0,-23.0,279.4092047041284,47.64,-3.88,10021.5,-61231.5,-27.5
497,FDAX,Mon,13:30,883,-57700.0,-65.35,1268.2810914933632,56.63,-1.53,4856.5,-62556.5,-70.85
159,CL,Thu,09:00,2534,-51450.0,-20.3,341.64984441424787,51.3,-2.99,11403.0,-62853.0,-24.8
392,ES,Thu,08:00,4248,-44062.5,-10.37,449.06806522099686,43.5,-1.51,19116.0,-63178.5,-14.87
236,ES,Mon,00:30,988,-58837.5,-59.55,474.61091147413634,41.09,-3.94,4446.0,-63283.5,-64.05
437,ES,Fri,07:00,3558,-47437.5,-13.33,417.63161926181664,44.1,-1.9,16011.0,-63448.5,-17.83
555,FDAX,Tue,21:30,178,-62650.0,-351.97,1293.416755269609,47.75,-3.63,979.0,-63629.0,-357.47
162,CL,Thu,10:30,2081,-54579.99,-26.23,377.5682939842996,50.26,-3.17,9364.5,-63944.49,-30.73
466,ES,Sun,22:00,1469,-57800.0,-39.35,472.0787737445883,40.23,-3.19,6610.5,-64410.5,-43.85
298,ES,Tue,08:00,4707,-43437.5,-9.23,370.9941311385004,42.15,-1.71,21181.5,-64619.0,-13.73
687,FDAX,Sun,21:00,179,-63700.0,-355.87,1707.1583274423456,53.07,-2.79,984.5,-64684.5,-361.37
610,FDAX,Thu,02:30,1358,-57300.0,-42.19,1547.6992244051708,57.44,-1.0,7469.0,-64769.0,-47.69
341,ES,Wed,06:00,2337,-54537.5,-23.34,472.91172042619723,41.29,-2.39,10516.5,-65054.0,-27.84
755,NQ,Tue,07:00,1918,-56450.0,-29.43,476.095190523462,64.65,-2.71,8631.0,-65081.0,-33.93
114,CL,Wed,10:00,1936,-56420.0,-29.14,314.66151625682653,47.0,-4.08,8712.0,-65132.0,-33.64
852,NQ,Thu,08:30,4923,-43065.0,-8.75,553.6594953454925,56.51,-1.11,22153.5,-65218.5,-13.25
464,ES,Sun,21:00,1980,-56637.5,-28.6,423.5757289825901,43.84,-3.0,8910.0,-65547.5,-33.1
644,FDAX,Thu,21:00,153,-65375.0,-427.29,1458.2550841457319,45.75,-3.62,841.5,-66216.5,-432.79
894,NQ,Fri,06:00,1402,-60115.0,-42.88,462.96534522612734,58.06,-3.47,6309.0,-66424.0,-47.38
297,ES,Tue,07:30,3547,-50500.0,-14.24,381.8236381417495,42.71,-2.22,15961.5,-66461.5,-18.74
123,CL,Wed,14:30,971,-62270.0,-64.13,357.27971962648695,48.51,-5.59,4369.5,-66639.5,-68.63
747,NQ,Tue,03:00,2624,-54895.0,-20.92,398.87492000895844,53.39,-2.69,11808.0,-66703.0,-25.42
117,CL,Wed,11:30,2230,-56770.0,-25.46,308.8359849270432,49.01,-3.89,10035.0,-66805.0,-29.96
119,CL,Wed,12:30,1237,-61280.0,-49.54,305.3556897232069,42.28,-5.71,5566.5,-66846.5,-54.04
371,ES,Wed,21:30,1365,-61412.5,-44.99,411.61537031056383,40.95,-4.04,6142.5,-67555.0,-49.49
362,ES,Wed,16:30,2353,-56975.0,-24.21,1179.067488132262,46.79,-1.0,10588.5,-67563.5,-28.71
772,NQ,Tue,15:30,6674,-37680.0,-5.65,481.42148288690703,61.15,-0.96,30033.0,-67713.0,-10.15
753,NQ,Tue,06:00,1391,-61465.0,-44.19,430.0006123697488,58.81,-3.83,6259.5,-67724.5,-48.69
802,NQ,Wed,07:00,1814,-59720.0,-32.92,577.3841743310229,62.84,-2.43,8163.0,-67883.0,-37.42
709,NQ,Mon,08:00,2129,-58310.0,-27.39,547.6973456244051,58.15,-2.31,9580.5,-67890.5,-31.89
629,FDAX,Thu,12:00,2234,-55725.0,-24.94,1573.1550042085426,57.65,-0.75,12287.0,-68012.0,-30.44
870,NQ,Thu,18:00,1569,-61885.0,-39.44,521.3441633184813,62.01,-3.0,7060.5,-68945.5,-43.94
460,ES,Sun,19:00,1835,-60962.5,-33.22,440.0154625493449,48.12,-3.23,8257.5,-69220.0,-37.72
336,ES,Wed,03:30,2349,-58812.5,-25.04,411.8856237255514,40.7,-2.95,10570.5,-69383.0,-29.54
20,CL,Mon,10:00,2997,-56160.0,-18.74,488.59981620790876,51.62,-2.1,13486.5,-69646.5,-23.24
517,FDAX,Tue,01:00,217,-69025.0,-318.09,1439.132939411149,48.85,-3.26,1193.5,-70218.5,-323.59
340,ES,Wed,05:30,1939,-61625.0,-31.78,374.22533933873854,38.42,-3.74,8725.5,-70350.5,-36.28
439,ES,Fri,08:00,4760,-49912.5,-10.49,413.81829474533737,43.7,-1.75,21420.0,-71332.5,-14.99
845,NQ,Thu,05:00,1525,-65180.0,-42.74,430.2109083329225,54.82,-3.88,6862.5,-72042.5,-47.24
821,NQ,Wed,16:30,1144,-66905.0,-58.48,867.7262318105948,58.13,-2.28,5148.0,-72053.0,-62.98
286,ES,Tue,02:00,1568,-65225.0,-41.6,357.6358329431935,40.24,-4.61,7056.0,-72281.0,-46.1
499,FDAX,Mon,14:30,742,-68400.0,-92.18,1060.7752576284618,58.36,-2.37,4081.0,-72481.0,-97.68
277,ES,Mon,21:30,1511,-66012.5,-43.69,399.9394243211652,43.08,-4.25,6799.5,-72812.0,-48.19
898,NQ,Fri,08:00,2563,-61635.0,-24.05,610.44919125532,57.35,-1.99,11533.5,-73168.5,-28.55
494,FDAX,Mon,12:00,1490,-65000.0,-43.62,1074.8067218224937,56.78,-1.57,8195.0,-73195.0,-49.12
752,NQ,Tue,05:30,1335,-67255.0,-50.38,459.03391150499135,61.95,-4.01,6007.5,-73262.5,-54.88
922,NQ,Sun,20:00,1975,-64625.0,-32.72,519.7998586254845,63.44,-2.8,8887.5,-73512.5,-37.22
768,NQ,Tue,13:30,4062,-55280.0,-13.61,523.2074358958942,62.36,-1.66,18279.0,-73559.0,-18.11
786,NQ,Tue,23:00,898,-69775.0,-77.7,443.49871570943907,61.92,-5.25,4041.0,-73816.0,-82.2
800,NQ,Wed,06:00,1232,-68670.0,-55.74,408.40084385503184,56.98,-4.79,5544.0,-74214.0,-60.24
817,NQ,Wed,14:30,4828,-52550.0,-10.88,566.0424589757474,62.16,-1.34,21726.0,-74276.0,-15.38
554,FDAX,Tue,21:00,156,-74025.0,-474.52,1402.7118641479224,41.67,-4.23,858.0,-74883.0,-480.02
827,NQ,Wed,20:00,1718,-67740.0,-39.43,656.1890251132088,65.42,-2.49,7731.0,-75471.0,-43.93
369,ES,Wed,20:30,1697,-68062.5,-40.11,497.77976194833207,42.72,-3.32,7636.5,-75699.0,-44.61
627,FDAX,Thu,11:00,2799,-60850.0,-21.74,1405.0776049747426,51.2,-0.82,15394.5,-76244.5,-27.24
122,CL,Wed,14:00,1969,-67440.0,-34.25,307.7012129466616,47.08,-4.94,8860.5,-76300.5,-38.75
533,FDAX,Tue,09:00,2681,-62500.0,-23.31,1063.0115954793569,53.11,-1.14,14745.5,-77245.5,-28.81
760,NQ,Tue,09:30,13279,-17955.0,-1.35,561.5432699793655,61.19,-0.28,59755.5,-77710.5,-5.85
408,ES,Thu,16:00,6967,-47137.5,-6.77,453.69283529909086,45.82,-1.24,31351.5,-78489.0,-11.27
325,ES,Tue,22:00,1234,-73012.5,-59.17,477.1233122202009,41.98,-4.36,5553.0,-78565.5,-63.67
118,CL,Wed,12:00,1562,-71920.0,-46.04,316.37535388386345,48.4,-5.75,7029.0,-78949.0,-50.54
388,ES,Thu,06:00,2475,-69025.0,-27.89,440.89626185812796,47.56,-3.15,11137.5,-80162.5,-32.39
430,ES,Fri,03:30,2389,-69600.0,-29.13,361.4628748937381,43.24,-3.94,10750.5,-80350.5,-33.63
702,NQ,Mon,04:30,1524,-73985.0,-48.55,505.34370723049824,60.17,-3.75,6858.0,-80843.0,-53.05
65,CL,Tue,09:00,2792,-68729.99,-24.62,322.0073035793667,48.14,-4.04,12564.0,-81293.99,-29.12
561,FDAX,Wed,00:30,201,-80750.0,-401.74,2134.189706360781,60.2,-2.67,1105.5,-81855.5,-407.24
152,CL,Thu,05:30,819,-78540.0,-95.9,413.9493270646834,41.15,-6.63,3685.5,-82225.5,-100.4
22,CL,Mon,11:00,2723,-70240.0,-25.8,600.0937702981008,48.59,-2.24,12253.5,-82493.5,-30.3
383,ES,Thu,03:30,2737,-71662.5,-26.18,432.17153074979706,42.97,-3.17,12316.5,-83979.0,-30.68
166,CL,Thu,12:30,1509,-77429.99,-51.31,372.62296441931613,45.66,-5.35,6790.5,-84220.49,-55.81
18,CL,Mon,09:00,2957,-70920.0,-23.98,415.9390505369814,51.0,-3.14,13306.5,-84226.5,-28.48
812,NQ,Wed,12:00,3415,-70095.0,-20.53,561.7719610620632,63.31,-2.14,15367.5,-85462.5,-25.03
696,NQ,Mon,01:30,1230,-80480.0,-65.43,512.4776854186804,59.92,-4.48,5535.0,-86015.0,-69.93
634,FDAX,Thu,14:30,985,-80600.0,-81.83,1748.2739631602717,52.69,-1.47,5417.5,-86017.5,-87.33
210,CL,Fri,11:00,1929,-77540.0,-40.2,342.9227522458406,48.73,-5.15,8680.5,-86220.5,-44.7
806,NQ,Wed,09:00,2774,-73890.0,-26.64,533.3174518111637,59.66,-2.63,12483.0,-86373.0,-31.14
380,ES,Thu,02:00,1888,-77937.5,-41.28,385.87013299595935,42.53,-4.65,8496.0,-86433.5,-45.78
329,ES,Wed,00:00,961,-82250.0,-85.59,549.406123805495,42.66,-4.83,4324.5,-86574.5,-90.09
370,ES,Wed,21:00,1585,-79800.0,-50.35,465.74910412972525,43.72,-4.3,7132.5,-86932.5,-54.85
553,FDAX,Tue,20:30,704,-83125.0,-118.08,2226.1560574974915,49.29,-1.41,3872.0,-86997.0,-123.58
723,NQ,Mon,15:00,3208,-73180.0,-22.81,588.3467236695261,62.0,-2.2,14436.0,-87616.0,-27.31
242,ES,Mon,03:30,3119,-73787.5,-23.66,466.5236051046559,41.1,-2.83,14035.5,-87823.0,-28.16
684,FDAX,Sun,19:30,499,-85675.0,-171.69,1946.8506614964156,55.91,-1.97,2744.5,-88419.5,-177.19
544,FDAX,Tue,14:30,902,-84900.0,-94.12,1635.0235492990994,52.11,-1.73,4961.0,-89861.0,-99.62
917,NQ,Sun,17:30,473,-87760.0,-185.54,778.5527337092585,51.8,-5.18,2128.5,-89888.5,-190.04
761,NQ,Tue,10:00,9217,-49300.0,-5.35,561.3144338216159,57.72,-0.91,41476.5,-90776.5,-9.85
429,ES,Fri,03:00,3130,-77762.5,-24.84,388.57529197471246,42.01,-3.58,14085.0,-91847.5,-29.34
475,FDAX,Mon,02:30,1225,-85250.0,-69.59,1198.1862811401209,57.55,-2.03,6737.5,-91987.5,-75.09
682,FDAX,Fri,16:00,429,-90325.0,-210.55,658.9058231715192,26.11,-6.62,2359.5,-92684.5,-216.05
245,ES,Mon,05:00,2553,-82087.5,-32.15,407.6369587880989,42.77,-3.99,11488.5,-93576.0,-36.65
907,NQ,Fri,12:30,4488,-74055.0,-16.5,768.8550525426562,62.46,-1.44,20196.0,-94251.0,-21.0
465,ES,Sun,21:30,1635,-87062.5,-53.25,486.0754739680181,41.71,-4.43,7357.5,-94420.0,-57.75
463,ES,Sun,20:30,2287,-84387.5,-36.9,472.98063215891864,41.63,-3.73,10291.5,-94679.0,-41.4
164,CL,Thu,11:30,2373,-84270.0,-35.51,834.6112261246753,49.43,-2.07,10678.5,-94948.5,-40.01
858,NQ,Thu,11:30,4980,-73155.0,-14.69,858.8371115111399,58.53,-1.21,22410.0,-95565.0,-19.19
435,ES,Fri,06:00,2950,-83387.5,-28.27,391.4236871877743,43.36,-3.92,13275.0,-96662.5,-32.77
777,NQ,Tue,18:30,987,-92790.0,-94.01,833.1079314289601,58.05,-3.55,4441.5,-97231.5,-98.51
244,ES,Mon,04:30,2785,-84700.0,-30.41,382.1052037361128,40.72,-4.2,12532.5,-97232.5,-34.91
161,CL,Thu,10:00,2043,-88330.0,-43.24,411.5777306295395,45.77,-4.75,9193.5,-97523.5,-47.74
867,NQ,Thu,16:00,2697,-85610.0,-31.74,601.4693646964488,61.18,-2.74,12136.5,-97746.5,-36.24
73,CL,Tue,13:00,1511,-91280.0,-60.41,1247.162512687037,50.56,-1.88,6799.5,-98079.5,-64.91
921,NQ,Sun,19:30,1471,-92160.0,-62.65,452.33762456306476,62.34,-5.31,6619.5,-98779.5,-67.15
459,ES,Sun,18:30,1404,-95000.0,-67.66,427.6606372880589,46.37,-5.93,6318.0,-101318.0,-72.16
250,ES,Mon,07:30,4153,-82850.0,-19.95,454.00459077459243,41.27,-2.83,18688.5,-101538.5,-24.45
74,CL,Tue,13:30,1709,-94200.0,-55.12,688.9621008823852,54.42,-3.31,7690.5,-101890.5,-59.62
294,ES,Tue,06:00,2602,-90700.0,-34.86,336.7488065354459,38.16,-5.28,11709.0,-102409.0,-39.36
900,NQ,Fri,09:00,3231,-88035.0,-27.25,571.1349671886104,57.54,-2.71,14539.5,-102574.5,-31.75
15,CL,Mon,07:30,1165,-98330.0,-84.4,431.5568602412986,45.58,-6.68,5242.5,-103572.5,-88.9
580,FDAX,Wed,10:00,3416,-85025.0,-24.89,1187.3137469820692,56.09,-1.23,18788.0,-103813.0,-30.39
295,ES,Tue,06:30,2633,-92200.0,-35.02,430.40705433410454,42.31,-4.17,11848.5,-104048.5,-39.52
659,FDAX,Fri,04:30,3295,-86225.0,-26.17,1204.8587694733687,53.29,-1.25,18122.5,-104347.5,-31.67
488,FDAX,Mon,09:00,2475,-92875.0,-37.53,1163.3572311896478,58.71,-1.6,13612.5,-106487.5,-43.03
508,FDAX,Mon,20:30,637,-103950.0,-163.19,1843.4480403065652,52.28,-2.23,3503.5,-107453.5,-168.69
240,ES,Mon,02:30,2158,-98550.0,-45.67,475.90094710544406,40.04,-4.46,9711.0,-108261.0,-50.17
567,FDAX,Wed,03:30,3188,-91975.0,-28.85,1206.3789326571234,55.24,-1.35,17534.0,-109509.0,-34.35
384,ES,Thu,04:00,3606,-93550.0,-25.94,401.32417150349175,42.93,-3.88,16227.0,-109777.0,-30.44
680,FDAX,Fri,15:00,677,-106675.0,-157.57,929.749980642568,46.97,-4.41,3723.5,-110398.5,-163.07
848,NQ,Thu,06:30,1835,-102880.0,-56.07,447.23291509561653,51.23,-5.37,8257.5,-111137.5,-60.57
288,ES,Tue,03:00,3604,-96187.5,-26.69,390.0415226162741,40.29,-4.11,16218.0,-112405.5,-31.19
473,FDAX,Mon,01:30,338,-110600.0,-327.22,1709.9211599633059,59.47,-3.52,1859.0,-112459.0,-332.72
345,ES,Wed,08:00,4940,-91275.0,-18.48,444.0967688851296,41.92,-2.92,22230.0,-113505.0,-22.98
289,ES,Tue,03:30,2898,-100887.5,-34.81,388.1817017200074,41.27,-4.83,13041.0,-113928.5,-39.31
912,NQ,Fri,15:00,3022,-100985.0,-33.42,667.1513915948049,60.16,-2.75,13599.0,-114584.0,-37.92
438,ES,Fri,07:30,3703,-97962.5,-26.45,400.27165882173,42.05,-4.02,16663.5,-114626.0,-30.95
290,ES,Tue,04:00,3467,-99325.0,-28.65,353.7148169032799,39.92,-4.77,15601.5,-114926.5,-33.15
434,ES,Fri,05:30,2078,-106625.0,-51.31,420.5070586226294,40.9,-5.56,9351.0,-115976.0,-55.81
495,FDAX,Mon,12:30,1361,-108675.0,-79.85,1102.1191966475737,53.2,-2.67,7485.5,-116160.5,-85.35
291,ES,Tue,04:30,2759,-103875.0,-37.65,372.07270905770616,38.42,-5.32,12415.5,-116290.5,-42.15
490,FDAX,Mon,10:00,3008,-100950.0,-33.56,1285.9688055581476,55.72,-1.43,16544.0,-117494.0,-39.06
356,ES,Wed,13:30,15997,-47925.0,-3.0,732.994270425665,43.85,-0.52,71986.5,-119911.5,-7.5
764,NQ,Tue,11:30,5056,-98475.0,-19.48,590.3472785206022,62.12,-2.35,22752.0,-121227.0,-23.98
691,FDAX,Sun,23:00,106,-122300.0,-1153.77,1918.111647195001,34.91,-6.19,583.0,-122883.0,-1159.27
721,NQ,Mon,14:00,3222,-109030.0,-33.84,522.311141473237,59.16,-3.68,14499.0,-123529.0,-38.34
116,CL,Wed,11:00,2374,-113000.0,-47.6,430.81107883929786,49.87,-5.38,10683.0,-123683.0,-52.1
545,FDAX,Tue,15:00,813,-119625.0,-147.14,1380.2408969146347,52.03,-3.04,4471.5,-124096.5,-152.64
386,ES,Thu,05:00,2291,-114475.0,-49.97,441.91425473141385,42.25,-5.41,10309.5,-124784.5,-54.47
530,FDAX,Tue,07:30,2037,-113875.0,-55.9,1117.5997355642064,53.41,-2.26,11203.5,-125078.5,-61.4
592,FDAX,Wed,16:00,485,-123200.0,-254.02,1066.2333871801388,45.77,-5.25,2667.5,-125867.5,-259.52
652,FDAX,Fri,01:00,240,-124725.0,-519.69,2094.9432058713096,54.58,-3.84,1320.0,-126045.0,-525.19
293,ES,Tue,05:30,2412,-115350.0,-47.82,333.73010343928877,34.74,-7.04,10854.0,-126204.0,-52.32
385,ES,Thu,04:30,2441,-115275.0,-47.22,407.54786803988645,40.48,-5.72,10984.5,-126259.5,-51.72
267,ES,Mon,16:00,5827,-100537.5,-17.25,427.514260116796,41.74,-3.08,26221.5,-126759.0,-21.75
474,FDAX,Mon,02:00,1224,-122075.0,-99.73,1759.60726698285,58.33,-1.98,6732.0,-128807.0,-105.23
353,ES,Wed,12:00,14888,-62237.5,-4.18,406.8152025311762,43.59,-1.25,66996.0,-129233.5,-8.68
462,ES,Sun,20:00,2815,-118387.5,-42.06,513.436857553415,44.3,-4.35,12667.5,-131055.0,-46.56
299,ES,Tue,08:30,6865,-100237.5,-14.6,335.6669122101869,41.69,-3.6,30892.5,-131130.0,-19.1
23,CL,Mon,11:30,2202,-121380.0,-55.12,470.72121484435405,48.73,-5.5,9909.0,-131289.0,-59.62
552,FDAX,Tue,20:00,378,-129475.0,-342.53,2347.328755649,40.48,-2.84,2079.0,-131554.0,-348.03
276,ES,Mon,21:00,1650,-124887.5,-75.69,536.2012194735707,40.97,-5.73,7425.0,-132312.5,-80.19
493,FDAX,Mon,11:30,3572,-113125.0,-31.67,1122.4475339605835,54.03,-1.69,19646.0,-132771.0,-37.17
390,ES,Thu,07:00,3158,-119587.5,-37.87,478.54467068727325,41.7,-4.45,14211.0,-133798.5,-42.37
406,ES,Thu,15:00,15931,-63287.5,-3.97,550.265550530903,44.76,-0.91,71689.5,-134977.0,-8.47
679,FDAX,Fri,14:30,789,-130725.0,-165.68,1277.5897012316639,49.43,-3.64,4339.5,-135064.5,-171.18
758,NQ,Tue,08:30,3589,-119560.0,-33.31,785.8324853216606,60.35,-2.54,16150.5,-135710.5,-37.81
500,FDAX,Mon,15:00,768,-132950.0,-173.11,1037.3946985532702,46.88,-4.62,4224.0,-137174.0,-178.61
626,FDAX,Thu,10:30,3179,-119725.0,-37.66,1657.2442746750623,53.35,-1.28,17484.5,-137209.5,-43.16
433,ES,Fri,05:00,2386,-126800.0,-53.14,416.18440013753286,41.32,-6.24,10737.0,-137537.0,-57.64
317,ES,Tue,18:00,1649,-130362.5,-79.06,534.1081227198844,44.63,-6.01,7420.5,-137783.0,-83.56
856,NQ,Thu,10:30,6882,-107050.0,-15.56,553.0389717653161,58.75,-2.33,30969.0,-138019.0,-20.06
546,FDAX,Tue,15:30,711,-134300.0,-188.89,1552.3419255544554,49.93,-3.24,3910.5,-138210.5,-194.39
805,NQ,Wed,08:30,3490,-122705.0,-35.16,558.898246935212,58.68,-3.72,15705.0,-138410.0,-39.66
258,ES,Mon,11:30,16990,-62112.5,-3.66,471.60114505163887,43.34,-1.01,76455.0,-138567.5,-8.16
899,NQ,Fri,08:30,4316,-119400.0,-27.66,573.6058534688506,59.94,-3.17,19422.0,-138822.0,-32.16
767,NQ,Tue,13:00,4136,-120500.0,-29.13,589.8501954095876,62.98,-3.18,18612.0,-139112.0,-33.63
318,ES,Tue,18:30,1000,-134762.5,-134.76,659.1492737679827,41.8,-6.47,4500.0,-139262.5,-139.26
816,NQ,Wed,14:00,4738,-118080.0,-24.92,590.5906564057793,62.07,-2.9,21321.0,-139401.0,-29.42
314,ES,Tue,16:00,6613,-109800.0,-16.6,426.42860550693854,45.17,-3.17,29758.5,-139558.5,-21.1
608,FDAX,Thu,01:30,390,-137500.0,-352.56,1506.249778630101,53.08,-4.62,2145.0,-139645.0,-358.06
662,FDAX,Fri,06:00,2898,-123875.0,-42.74,1079.8597258256686,55.94,-2.13,15939.0,-139814.0,-48.24
532,FDAX,Tue,08:30,2696,-125825.0,-46.67,1079.082960692227,52.0,-2.25,14828.0,-140653.0,-52.17
724,NQ,Mon,15:30,5340,-117400.0,-21.99,550.2973295659542,60.19,-2.92,24030.0,-141430.0,-26.49
531,FDAX,Tue,08:00,2254,-129050.0,-57.25,1066.1085286963723,53.15,-2.55,12397.0,-141447.0,-62.75
387,ES,Thu,05:30,1947,-133137.5,-68.38,581.6881858944322,40.37,-5.19,8761.5,-141899.0,-72.88
542,FDAX,Tue,13:30,1249,-138200.0,-110.65,2776.667158406553,54.6,-1.41,6869.5,-145069.5,-116.15
315,ES,Tue,16:30,986,-141012.5,-143.01,908.2136382634206,45.33,-4.94,4437.0,-145449.5,-147.51
498,FDAX,Mon,14:00,913,-140875.0,-154.3,1201.932153086865,49.62,-3.88,5021.5,-145896.5,-159.8
14,CL,Mon,07:00,1358,-140600.0,-103.53,777.9820110776872,51.25,-4.9,6111.0,-146711.0,-108.03
505,FDAX,Mon,19:00,175,-147400.0,-842.29,3277.0905284552796,49.14,-3.4,962.5,-148362.5,-847.79
569,FDAX,Wed,04:30,2611,-134675.0,-51.58,1457.1406101995976,53.5,-1.81,14360.5,-149035.5,-57.08
339,ES,Wed,05:00,2425,-138287.5,-57.03,431.2258529324091,37.03,-6.51,10912.5,-149200.0,-61.53
630,FDAX,Thu,12:30,1561,-142425.0,-91.24,1475.3700809943134,51.51,-2.44,8585.5,-151010.5,-96.74
344,ES,Wed,07:30,3199,-137437.5,-42.96,578.9004371754997,39.57,-4.2,14395.5,-151833.0,-47.46
574,FDAX,Wed,07:00,2453,-139825.0,-57.0,1257.4294501813251,52.18,-2.25,13491.5,-153316.5,-62.5
759,NQ,Tue,09:00,3123,-140850.0,-45.1,614.3763714740711,56.55,-4.1,14053.5,-154903.5,-49.6
337,ES,Wed,04:00,3145,-141200.0,-44.9,381.9755032973408,36.82,-6.59,14152.5,-155352.5,-49.4
658,FDAX,Fri,04:00,3294,-137400.0,-41.71,1158.3178300078605,52.31,-2.07,18117.0,-155517.0,-47.21
501,FDAX,Mon,15:30,729,-151675.0,-208.06,1017.2141500247167,45.54,-5.52,4009.5,-155684.5,-213.56
253,ES,Mon,09:00,8540,-119112.5,-13.95,469.7387241250088,42.73,-2.74,38430.0,-157542.5,-18.45
243,ES,Mon,04:00,4039,-139737.5,-34.6,537.3328899157167,43.62,-4.09,18175.5,-157913.0,-39.1
578,FDAX,Wed,09:00,2878,-144100.0,-50.07,1297.7276852167072,56.78,-2.07,15829.0,-159929.0,-55.57
252,ES,Mon,08:30,5610,-134862.5,-24.04,431.13880427892946,41.84,-4.18,25245.0,-160107.5,-28.54
476,FDAX,Mon,03:00,4030,-138500.0,-34.37,1287.4686111860678,55.48,-1.69,22165.0,-160665.0,-39.87
482,FDAX,Mon,06:00,2367,-148750.0,-62.84,1211.3811715183717,54.67,-2.52,13018.5,-161768.5,-68.34
910,NQ,Fri,14:00,4022,-144305.0,-35.88,1048.4702346205997,61.56,-2.17,18099.0,-162404.0,-40.38
163,CL,Thu,11:00,2773,-150739.99,-54.36,414.46742731406056,46.88,-6.91,12478.5,-163218.49,-58.86
913,NQ,Fri,15:30,4227,-144345.0,-34.15,548.6351615261159,60.07,-4.05,19021.5,-163366.5,-38.65
480,FDAX,Mon,05:00,2595,-150725.0,-58.08,1107.830271060677,54.03,-2.67,14272.5,-164997.5,-63.58
765,NQ,Tue,12:00,4997,-142710.0,-28.56,551.2146271709952,58.05,-3.66,22486.5,-165196.5,-33.06
491,FDAX,Mon,10:30,2706,-152400.0,-56.32,1639.0910526240607,55.21,-1.79,14883.0,-167283.0,-61.82
585,FDAX,Wed,12:30,1518,-162150.0,-106.82,1244.6280565779289,52.31,-3.34,8349.0,-170499.0,-112.32
924,NQ,Sun,21:00,1352,-164860.0,-121.94,577.7586435277562,57.84,-7.76,6084.0,-170944.0,-126.44
919,NQ,Sun,18:30,2014,-163070.0,-80.97,545.2299869611788,61.07,-6.66,9063.0,-172133.0,-85.47
685,FDAX,Sun,20:00,301,-171675.0,-570.35,2185.3582760210384,53.16,-4.53,1655.5,-173330.5,-575.85
563,FDAX,Wed,01:30,380,-175825.0,-462.7,2335.7413439528314,54.47,-3.86,2090.0,-177915.0,-468.2
911,NQ,Fri,14:30,3176,-164555.0,-51.81,700.724843339105,58.53,-4.17,14292.0,-178847.0,-56.31
502,FDAX,Mon,16:00,415,-177650.0,-428.07,1108.129498343862,37.83,-7.87,2282.5,-179932.5,-433.57
636,FDAX,Thu,15:30,897,-176300.0,-196.54,1130.442211844487,47.38,-5.21,4933.5,-181233.5,-202.04
766,NQ,Tue,12:30,5862,-155595.0,-26.54,567.4043304653394,53.82,-3.58,26379.0,-181974.0,-31.04
586,FDAX,Wed,13:00,969,-179800.0,-185.55,1244.0494643917793,47.68,-4.64,5329.5,-185129.5,-191.05
763,NQ,Tue,11:00,5102,-163100.0,-31.97,510.62569348684343,61.68,-4.47,22959.0,-186059.0,-36.47
481,FDAX,Mon,05:30,2406,-174600.0,-72.57,1122.9896847671232,56.48,-3.17,13233.0,-187833.0,-78.07
618,FDAX,Thu,06:30,2085,-179450.0,-86.07,1460.627543826556,53.43,-2.69,11467.5,-190917.5,-91.57
807,NQ,Wed,09:30,10525,-143990.0,-13.68,601.2444815401395,62.4,-2.33,47362.5,-191352.5,-18.18
619,FDAX,Thu,07:00,2229,-181175.0,-81.28,1086.6474388135641,53.88,-3.53,12259.5,-193434.5,-86.78
565,FDAX,Wed,02:30,1028,-191625.0,-186.41,1141.8088724965558,52.04,-5.23,5654.0,-197279.0,-191.91
903,NQ,Fri,10:30,6969,-166015.0,-23.82,632.5180810448846,58.96,-3.14,31360.5,-197375.5,-28.32
496,FDAX,Mon,13:00,1074,-193850.0,-180.49,1458.1738756683371,54.28,-4.06,5907.0,-199757.0,-185.99
681,FDAX,Fri,15:30,715,-197250.0,-275.87,951.5109086834457,36.64,-7.75,3932.5,-201182.5,-281.37
591,FDAX,Wed,15:30,767,-197950.0,-258.08,1211.6936675340778,46.54,-5.9,4218.5,-202168.5,-263.58
75,CL,Tue,14:00,2202,-194910.0,-88.51,1053.0625885911497,47.46,-3.94,9909.0,-204819.0,-93.01
813,NQ,Wed,12:30,3558,-189385.0,-53.23,601.8725937449094,61.61,-5.28,16011.0,-205396.0,-57.73
526,FDAX,Tue,05:30,2404,-192375.0,-80.02,1055.683836164949,52.79,-3.72,13222.0,-205597.0,-85.52
296,ES,Tue,07:00,3473,-190612.5,-54.88,402.1762012975953,38.38,-8.04,15628.5,-206241.0,-59.38
669,FDAX,Fri,09:30,3165,-188850.0,-59.67,1586.380198407599,51.75,-2.12,17407.5,-206257.5,-65.17
908,NQ,Fri,13:00,4025,-190085.0,-47.23,741.1400640217937,60.82,-4.04,18112.5,-208197.5,-51.73
522,FDAX,Tue,03:30,3287,-191525.0,-58.27,1144.939075360514,53.54,-2.92,18078.5,-209603.5,-63.77
611,FDAX,Thu,03:00,3984,-188075.0,-47.21,1455.526863629952,52.41,-2.05,21912.0,-209987.0,-52.71
300,ES,Tue,09:00,7847,-176950.0,-22.55,338.94382005788054,36.31,-5.89,35311.5,-212261.5,-27.05
355,ES,Wed,13:00,14868,-152675.0,-10.27,1105.9793446804367,43.07,-1.13,66906.0,-219581.0,-14.77
361,ES,Wed,16:00,10429,-175525.0,-16.83,979.6913609221514,48.24,-1.75,46930.5,-222455.5,-21.33
616,FDAX,Thu,05:30,2290,-210750.0,-92.03,1379.6252772309585,53.06,-3.19,12595.0,-223345.0,-97.53
309,ES,Tue,13:30,13856,-161187.5,-11.63,420.63392956940385,43.39,-3.26,62352.0,-223539.5,-16.13
571,FDAX,Wed,05:30,2432,-210625.0,-86.61,1010.976991585923,49.51,-4.22,13376.0,-224001.0,-92.11
536,FDAX,Tue,10:30,3114,-209700.0,-67.34,1270.8487573376578,53.66,-2.96,17127.0,-226827.0,-72.84
654,FDAX,Fri,02:00,901,-224300.0,-248.95,1480.925573317498,51.39,-5.05,4955.5,-229255.5,-254.45
393,ES,Thu,08:30,9290,-190700.0,-20.53,407.035166890845,44.28,-4.86,41805.0,-232505.0,-25.03
655,FDAX,Fri,02:30,940,-230425.0,-245.13,1343.6548151899067,46.38,-5.59,5170.0,-235595.0,-250.63
614,FDAX,Thu,04:30,3108,-219600.0,-70.66,1171.3075312650185,52.09,-3.36,17094.0,-236694.0,-76.16
576,FDAX,Wed,08:00,2377,-224325.0,-94.37,1133.930438369314,51.24,-4.06,13073.5,-237398.5,-99.87
642,FDAX,Thu,20:00,469,-236500.0,-504.26,2888.128782766579,47.55,-3.78,2579.5,-239079.5,-509.76
582,FDAX,Wed,11:00,2627,-226925.0,-86.38,1281.75817198228,51.81,-3.45,14448.5,-241373.5,-91.88
686,FDAX,Sun,20:30,605,-238525.0,-394.26,2060.6534138958814,50.41,-4.71,3327.5,-241852.5,-399.76
621,FDAX,Thu,08:00,2022,-230975.0,-114.23,1275.0442413843343,51.38,-4.03,11121.0,-242096.0,-119.73
589,FDAX,Wed,14:30,1144,-236775.0,-206.97,1908.350962118273,52.45,-3.67,6292.0,-243067.0,-212.47
625,FDAX,Thu,10:00,3526,-225725.0,-64.02,1531.4774371207184,55.62,-2.48,19393.0,-245118.0,-69.52
525,FDAX,Tue,05:00,2578,-231800.0,-89.91,1153.9187725545362,53.49,-3.96,14179.0,-245979.0,-95.41
354,ES,Wed,12:30,14339,-181500.0,-12.66,404.1042457577033,44.92,-3.75,64525.5,-246025.5,-17.16
660,FDAX,Fri,05:00,2604,-236425.0,-90.79,1746.8406130289145,52.3,-2.65,14322.0,-250747.0,-96.29
663,FDAX,Fri,06:30,2421,-237500.0,-98.1,1362.366834770822,52.46,-3.54,13315.5,-250815.5,-103.6
264,ES,Mon,14:30,12055,-201200.0,-16.69,394.09710876085074,43.81,-4.65,54247.5,-255447.5,-21.19
262,ES,Mon,13:30,12231,-201900.0,-16.51,410.3635612236835,44.25,-4.45,55039.5,-256939.5,-21.01
819,NQ,Wed,15:30,6330,-228475.0,-36.09,624.5617201250147,59.61,-4.6,28485.0,-256960.0,-40.59
449,ES,Fri,13:00,15765,-187912.5,-11.92,418.4271229897224,43.81,-3.58,70942.5,-258855.0,-16.42
713,NQ,Mon,10:00,7857,-224795.0,-28.61,641.7960912430227,57.87,-3.95,35356.5,-260151.5,-33.11
394,ES,Thu,09:00,8138,-225362.5,-27.69,403.9040335687005,39.01,-6.19,36621.0,-261983.5,-32.19
584,FDAX,Wed,12:00,1861,-253600.0,-136.27,1208.9827812361991,53.3,-4.86,10235.5,-263835.5,-141.77
346,ES,Wed,08:30,8074,-229075.0,-28.37,470.2600625124359,41.06,-5.42,36333.0,-265408.0,-32.87
527,FDAX,Tue,06:00,2289,-261100.0,-114.07,1126.7114087549242,51.38,-4.84,12589.5,-273689.5,-119.57
570,FDAX,Wed,05:00,2551,-270650.0,-106.1,1182.1959813409571,52.41,-4.53,14030.5,-284680.5,-111.6
534,FDAX,Tue,09:30,2973,-268650.0,-90.36,1205.5369619572118,51.5,-4.09,16351.5,-285001.5,-95.86
452,ES,Fri,14:30,14420,-220812.5,-15.31,406.1973418699279,43.7,-4.53,64890.0,-285702.5,-19.81
624,FDAX,Thu,09:30,3211,-269825.0,-84.03,1565.6828293314309,53.16,-3.04,17660.5,-287485.5,-89.53
401,ES,Thu,12:30,17080,-221037.5,-12.94,515.6788979855193,45.89,-3.28,76860.0,-297897.5,-17.44
483,FDAX,Mon,06:30,1981,-288225.0,-145.49,1192.0788469605868,53.51,-5.43,10895.5,-299120.5,-150.99
811,NQ,Wed,11:30,4175,-282395.0,-67.64,632.353039961689,61.08,-6.91,18787.5,-301182.5,-72.14
674,FDAX,Fri,12:00,2100,-291750.0,-138.93,1542.9269437446058,48.81,-4.13,11550.0,-303300.0,-144.43
583,FDAX,Wed,11:30,3681,-285875.0,-77.66,1194.56396211444,46.7,-3.94,20245.5,-306120.5,-83.16
573,FDAX,Wed,06:30,2198,-294075.0,-133.79,1164.0829369927465,49.82,-5.39,12089.0,-306164.0,-139.29
918,NQ,Sun,18:00,4902,-288425.0,-58.84,640.2857768916494,63.26,-6.43,22059.0,-310484.0,-63.34
440,ES,Fri,08:30,10666,-265987.5,-24.94,415.57037099502526,42.76,-6.2,47997.0,-313984.5,-29.44
670,FDAX,Fri,10:00,3515,-296175.0,-84.26,1392.5121252662616,53.03,-3.59,19332.5,-315507.5,-89.76
672,FDAX,Fri,11:00,4151,-299000.0,-72.03,1587.0996529665406,50.93,-2.92,22830.5,-321830.5,-77.53
347,ES,Wed,09:00,8513,-285000.0,-33.48,420.55841241753757,40.27,-7.34,38308.5,-323308.5,-37.98
402,ES,Thu,13:00,16592,-248712.5,-14.99,661.4464181750708,44.97,-2.92,74664.0,-323376.5,-19.49
820,NQ,Wed,16:00,3776,-308115.0,-81.6,861.5453741205204,58.55,-5.82,16992.0,-325107.0,-86.1
486,FDAX,Mon,08:00,2051,-316150.0,-154.14,1237.4621991331999,53.29,-5.64,11280.5,-327430.5,-159.64
657,FDAX,Fri,03:30,3205,-309825.0,-96.67,1450.7203718146789,51.11,-3.77,17627.5,-327452.5,-102.17
359,ES,Wed,15:00,18266,-254137.5,-13.91,764.5362103002932,43.82,-2.46,82197.0,-336334.5,-18.41
671,FDAX,Fri,10:30,3579,-317225.0,-88.64,1657.9313210603061,51.19,-3.2,19684.5,-336909.5,-94.14
762,NQ,Tue,10:30,7350,-310505.0,-42.25,619.0164948020565,55.41,-5.85,33075.0,-343580.0,-46.75
568,FDAX,Wed,04:00,3129,-331600.0,-105.98,1221.0309404862169,50.75,-4.85,17209.5,-348809.5,-111.48
478,FDAX,Mon,04:00,3302,-333100.0,-100.88,1136.8545474508178,54.0,-5.1,18161.0,-351261.0,-106.38
400,ES,Thu,12:00,18039,-275700.0,-15.28,525.3500738674534,44.04,-3.91,81175.5,-356875.5,-19.78
441,ES,Fri,09:00,9732,-318362.5,-32.71,390.5956495567848,40.82,-8.26,43794.0,-362156.5,-37.21
263,ES,Mon,14:00,12403,-312237.5,-25.17,391.886476442626,42.37,-7.15,55813.5,-368051.0,-29.67
623,FDAX,Thu,09:00,2615,-371875.0,-142.21,1321.2127916373345,50.06,-5.5,14382.5,-386257.5,-147.71
485,FDAX,Mon,07:30,2380,-385750.0,-162.08,1792.8495949071623,52.77,-4.41,13090.0,-398840.0,-167.58
666,FDAX,Fri,08:00,2416,-390800.0,-161.75,1343.0242916672978,51.66,-5.92,13288.0,-404088.0,-167.25
453,ES,Fri,15:00,14937,-347937.5,-23.29,347.3499031924179,43.46,-8.2,67216.5,-415154.0,-27.79
487,FDAX,Mon,08:30,2327,-404400.0,-173.79,1240.6764834022822,50.45,-6.76,12798.5,-417198.5,-179.29
479,FDAX,Mon,04:30,2588,-406925.0,-157.24,1170.42233393452,50.93,-6.83,14234.0,-421159.0,-162.74
308,ES,Tue,13:00,15028,-359350.0,-23.91,437.0324621912022,42.79,-6.71,67626.0,-426976.0,-28.41
535,FDAX,Tue,10:00,3180,-410925.0,-129.22,1169.5859989073685,52.36,-6.23,17490.0,-428415.0,-134.72
622,FDAX,Thu,08:30,3249,-411550.0,-126.67,1271.0722688479211,50.75,-5.68,17869.5,-429419.5,-132.17
524,FDAX,Tue,04:30,3120,-418600.0,-134.17,1207.9422277425972,48.91,-6.2,17160.0,-435760.0,-139.67
261,ES,Mon,13:00,13183,-382437.5,-29.01,439.365001661533,42.28,-7.58,59323.5,-441761.0,-33.51
307,ES,Tue,12:30,16320,-368600.0,-22.59,386.0068039230855,42.56,-7.47,73440.0,-442040.0,-27.09
539,FDAX,Tue,12:00,1772,-435525.0,-245.78,1988.6488426457877,53.39,-5.2,9746.0,-445271.0,-251.28
352,ES,Wed,11:30,18035,-366450.0,-20.32,374.82929586707394,41.66,-7.28,81157.5,-447607.5,-24.82
668,FDAX,Fri,09:00,2798,-437400.0,-156.33,1388.3802973617635,51.97,-5.96,15389.0,-452789.0,-161.83
265,ES,Mon,15:00,13331,-403987.5,-30.3,396.15616746896615,42.89,-8.83,59989.5,-463977.0,-34.8
613,FDAX,Thu,04:00,3424,-445250.0,-130.04,1318.6193962630261,49.85,-5.77,18832.0,-464082.0,-135.54
667,FDAX,Fri,08:30,3627,-444875.0,-122.66,1352.1700786752424,53.85,-5.46,19948.5,-464823.5,-128.16
310,ES,Tue,14:00,14070,-402712.5,-28.62,379.2521618866162,42.4,-8.95,63315.0,-466027.5,-33.12
403,ES,Thu,13:30,14883,-403950.0,-27.14,501.1773563158783,44.27,-6.61,66973.5,-470923.5,-31.64
489,FDAX,Mon,09:30,2594,-456850.0,-176.12,1177.4096916171295,49.69,-7.62,14267.0,-471117.0,-181.62
810,NQ,Wed,11:00,4506,-456525.0,-101.31,673.2329497967837,58.08,-10.1,20277.0,-476802.0,-105.81
612,FDAX,Thu,03:30,4112,-457500.0,-111.26,1455.5469083428727,47.98,-4.9,22616.0,-480116.0,-116.76
656,FDAX,Fri,03:00,3464,-463625.0,-133.84,1304.5715418087245,49.16,-6.04,19052.0,-482677.0,-139.34
477,FDAX,Mon,03:30,3512,-478300.0,-136.19,1121.6089720188081,50.83,-7.2,19316.0,-497616.0,-141.69
445,ES,Fri,11:00,22799,-395812.5,-17.36,365.99787775200014,43.51,-7.16,102595.5,-498408.0,-21.86
579,FDAX,Wed,09:30,3176,-481800.0,-151.7,1367.0078617402962,45.72,-6.25,17468.0,-499268.0,-157.2
454,ES,Fri,15:30,19789,-415762.5,-21.01,351.3313896719246,41.74,-8.41,89050.5,-504813.0,-25.51
664,FDAX,Fri,07:00,3228,-494625.0,-153.23,1157.1645909634717,49.44,-7.52,17754.0,-512379.0,-158.73
665,FDAX,Fri,07:30,2417,-505800.0,-209.27,1355.3065398546696,46.79,-7.59,13293.5,-519093.5,-214.77
451,ES,Fri,14:00,15120,-454125.0,-30.03,403.7575455030984,42.09,-9.15,68040.0,-522165.0,-34.53
809,NQ,Wed,10:30,5195,-500030.0,-96.25,654.0450804073615,56.96,-10.61,23377.5,-523407.5,-100.75
904,NQ,Fri,11:00,6758,-493460.0,-73.02,725.2392469506633,52.65,-8.28,30411.0,-523871.0,-77.52
808,NQ,Wed,10:00,7130,-493040.0,-69.15,752.6292250339633,57.28,-7.76,32085.0,-525125.0,-73.65
404,ES,Thu,14:00,15483,-459100.0,-29.65,551.1348228757091,44.3,-6.69,69673.5,-528773.5,-34.15
405,ES,Thu,14:30,14660,-467375.0,-31.88,542.8239128051887,43.78,-7.11,65970.0,-533345.0,-36.38
521,FDAX,Tue,03:00,3599,-522325.0,-145.13,1320.154494789032,49.21,-6.6,19794.5,-542119.5,-150.63
447,ES,Fri,12:00,17171,-465537.5,-27.11,402.7986923669767,42.87,-8.82,77269.5,-542807.0,-31.61
540,FDAX,Tue,12:30,1447,-537025.0,-371.13,2482.2138157482486,46.92,-5.69,7958.5,-544983.5,-376.63
266,ES,Mon,15:30,25063,-434612.5,-17.34,369.21840212166416,42.4,-7.44,112783.5,-547396.0,-21.84
566,FDAX,Wed,03:00,3536,-531025.0,-150.18,1324.4704062415487,50.65,-6.74,19448.0,-550473.0,-155.68
351,ES,Wed,11:00,19940,-461000.0,-23.12,372.0860194084147,42.01,-8.77,89730.0,-550730.0,-27.62
313,ES,Tue,15:30,28008,-431200.0,-15.4,365.951772624621,43.1,-7.04,126036.0,-557236.0,-19.9
492,FDAX,Mon,11:00,2383,-545075.0,-228.73,1443.618228474111,47.92,-7.73,13106.5,-558181.5,-234.23
306,ES,Tue,12:00,16163,-488375.0,-30.22,307.0905407352073,41.48,-12.51,72733.5,-561108.5,-34.72
257,ES,Mon,11:00,19750,-479937.5,-24.3,553.6877177629699,42.12,-6.17,88875.0,-568812.5,-28.8
443,ES,Fri,10:00,32920,-424575.0,-12.9,387.33840016007144,41.48,-6.04,148140.0,-572715.0,-17.4
407,ES,Thu,15:30,27421,-467575.0,-17.05,413.5353464851166,44.27,-6.83,123394.5,-590969.5,-21.55
254,ES,Mon,09:30,35361,-436112.5,-12.33,459.7643066897897,39.87,-5.04,159124.5,-595237.0,-16.83
397,ES,Thu,10:30,24595,-485612.5,-19.74,382.133027922084,42.16,-8.1,110677.5,-596290.0,-24.24
304,ES,Tue,11:00,21169,-505050.0,-23.86,363.3285350004898,41.68,-9.55,95260.5,-600310.5,-28.36
305,ES,Tue,11:30,18920,-521062.5,-27.54,324.10902404960814,40.57,-11.69,85140.0,-606202.5,-32.04
444,ES,Fri,10:30,26731,-507150.0,-18.97,369.32218278078875,42.62,-8.4,120289.5,-627439.5,-23.47
448,ES,Fri,12:30,16740,-556675.0,-33.25,381.6101828803249,43.2,-11.27,75330.0,-632005.0,-37.75
311,ES,Tue,14:30,12717,-611650.0,-48.1,386.8728891172512,41.22,-14.02,57226.5,-668876.5,-52.6
312,ES,Tue,15:00,14271,-612225.0,-42.9,358.10082497619146,39.58,-14.31,64219.5,-676444.5,-47.4
399,ES,Thu,11:30,19375,-610875.0,-31.53,857.9901093330852,44.22,-5.12,87187.5,-698062.5,-36.03
396,ES,Thu,10:00,30488,-561187.5,-18.41,387.9515029011167,41.41,-8.28,137196.0,-698383.5,-22.91
442,ES,Fri,09:30,34061,-557575.0,-16.37,384.6423666738664,40.08,-7.85,153274.5,-710849.5,-20.87
350,ES,Wed,10:30,23423,-627537.5,-26.79,377.32823581062945,40.96,-10.87,105403.5,-732941.0,-31.29
446,ES,Fri,11:30,20179,-668675.0,-33.14,356.8822098760208,42.51,-13.19,90805.5,-759480.5,-37.64
303,ES,Tue,10:30,25867,-667950.0,-25.82,324.5261343156635,39.4,-12.8,116401.5,-784351.5,-30.32
398,ES,Thu,11:00,21746,-751612.5,-34.56,518.374237067087,42.77,-9.83,97857.0,-849469.5,-39.06
395,ES,Thu,09:30,36054,-723212.5,-20.06,338.64530694578684,40.66,-11.25,162243.0,-885455.5,-24.56
255,ES,Mon,10:00,28960,-764625.0,-26.4,681.1172207528883,41.85,-6.6,130320.0,-894945.0,-30.9
301,ES,Tue,09:30,34443,-820462.5,-23.82,306.4577176762264,37.38,-14.43,154993.5,-975456.0,-28.32
348,ES,Wed,09:30,33862,-846812.5,-25.01,385.3329113982981,38.35,-11.94,152379.0,-999191.5,-29.51
302,ES,Tue,10:00,32050,-865587.5,-27.01,306.67140315225737,39.22,-15.77,144225.0,-1009812.5,-31.51
256,ES,Mon,10:30,24401,-910862.5,-37.33,502.70431213274907,42.24,-11.6,109804.5,-1020667.0,-41.83
450,ES,Fri,13:30,16030,-1083112.5,-67.57,551.1792145709983,43.01,-15.52,72135.0,-1155247.5,-72.07
349,ES,Wed,10:00,29277,-1063187.5,-36.31,378.80364195199166,39.94,-16.4,131746.5,-1194934.0,-40.81
538,FDAX,Tue,11:30,3896,-1438000.0,-369.1,2434.8002725200163,44.71,-9.46,21428.0,-1459428.0,-374.6
360,ES,Wed,15:30,29512,-1783900.0,-60.45,631.3271768506652,42.43,-16.45,132804.0,-1916704.0,-64.95
