symbol,account_name,total_trades,total_gross_pnl,mean_pnl,std_pnl,win_rate,t_stat,est_total_comm,total_net_pnl,net_mean_pnl
NQ,TM_7,12589,774955.0,61.56,941.756577172184,59.69,7.33,56650.5,718304.5,57.06
NQ,TS_2,5202,505695.0,97.21,991.4356417824539,66.32,7.07,23409.0,482286.0,92.71
NQ,V500_sim10,17728,371995.0,20.98,553.2613744722825,29.51,5.05,79776.0,292219.0,16.48
NQ,TM_6,4641,186040.0,40.09,867.5472032676709,63.52,3.15,20884.5,165155.5,35.59
NQ,IPS_TM_6,5087,187910.0,36.94,868.6530544623746,62.96,3.03,22891.5,165018.5,32.44
NQ,TM_3,4125,146580.0,35.53,618.4022163958317,62.11,3.69,18562.5,128017.5,31.03
NQ,IPS_TM_3,4583,114975.0,25.09,573.2491924467488,61.84,2.96,20623.5,94351.5,20.59
ES,ES-TS_3,11916,97575.0,8.19,647.1782419872105,67.04,1.38,53622.0,43953.0,3.69
NQ,TM_9,3045,30155.0,9.9,1004.8150169419897,54.58,0.54,13702.5,16452.5,5.4
CL,IPS_TM_6,944,20570.0,21.79,602.1911732184205,66.21,1.11,4248.0,16322.0,17.29
CL,IPS_TM_12,823,11360.0,13.8,641.4940182213893,43.5,0.62,3703.5,7656.5,9.3
CL,TM_6,934,7970.0,8.53,436.26481742724854,65.85,0.6,4203.0,3767.0,4.03
NQ,Import,98,2905.0,29.64,446.123769290287,59.18,0.66,441.0,2464.0,25.14
CL,TS_3,195,2620.0,13.44,251.11911784969925,66.15,0.75,877.5,1742.5,8.94
NQ,sachin_,20,1750.0,87.5,537.7107909804694,45.0,0.73,90.0,1660.0,83.0
CL,CL-TS_3,37,1590.0,42.97,237.4501633229271,67.57,1.1,166.5,1423.5,38.47
CL,TM_3,834,4630.0,5.55,299.53343660135886,59.95,0.54,3753.0,877.0,1.05
CL,CL-TS_7,7,800.0,114.29,298.9346095170587,85.71,1.01,31.5,768.5,109.79
CL,ZB-TM_6,4,380.0,95.0,172.14334726796767,75.0,1.1,18.0,362.0,90.5
CL,V500_sim10,6,-80.0,-13.33,5.163977679519324,0.0,-6.32,27.0,-107.0,-17.83
NQ,ES-IPS_TM_3,21,-130.0,-6.19,99.1199369691179,52.38,-0.29,94.5,-224.5,-10.69
NQ,3Q_sim16,478,1920.0,4.02,181.29332629624625,40.17,0.48,2151.0,-231.0,-0.48
NQ,3Q_sim19,460,1830.0,3.98,188.5081887266768,40.65,0.45,2070.0,-240.0,-0.52
ES,V_sim7,52,-50.0,-0.96,51.79653313345933,11.54,-0.13,234.0,-284.0,-5.46
NQ,3Q_sim9,40,-190.0,-4.75,38.26275554032226,32.5,-0.79,180.0,-370.0,-9.25
NQ,3Q_sim8,543,2005.0,3.69,174.15357581374215,41.62,0.49,2443.5,-438.5,-0.81
NQ,A_sim9,38,-285.0,-7.5,33.52590769071713,34.21,-1.38,171.0,-456.0,-12.0
CL,IPS_TM_3,829,3250.0,3.92,309.92237455368127,59.35,0.36,3730.5,-480.5,-0.58
NQ,V_sim7,62,-355.0,-5.73,74.10032396443388,9.68,-0.61,279.0,-634.0,-10.23
CL,CL-TS_2,99,-340.0,-3.43,197.09192284710187,53.54,-0.17,445.5,-785.5,-7.93
CL,IPSTMUD1,17,-790.0,-46.47,293.2563057487693,64.71,-0.65,76.5,-866.5,-50.97
NQ,3Q_sim15,360,685.0,1.9,182.63752857676906,41.39,0.2,1620.0,-935.0,-2.6
ES,V500_sim15,39,-862.5,-22.12,46.37000243159443,0.0,-2.98,175.5,-1038.0,-26.62
CL,TM_10,241,-10.0,-0.04,496.686927459847,67.63,-0.0,1084.5,-1094.5,-4.54
NQ,IPS_TM_4,3,-1380.0,-460.0,120.31209415515964,0.0,-6.62,13.5,-1393.5,-464.5
NQ,A_sim19,485,705.0,1.45,202.12584148966232,44.12,0.16,2182.5,-1477.5,-3.05
NQ,TM_4,3,-1725.0,-575.0,108.51267207105353,0.0,-9.18,13.5,-1738.5,-579.5
NQ,A_sim8,226,-960.0,-4.25,165.7048530623557,57.52,-0.39,1017.0,-1977.0,-8.75
NQ,3Q_sim14,413,-440.0,-1.07,180.12456069670688,38.26,-0.12,1858.5,-2298.5,-5.57
NQ,IPS_TM_2,60,-2620.0,-43.67,344.0682168598363,61.67,-0.98,270.0,-2890.0,-48.17
CL,IPSPB1,102,-3150.0,-30.88,396.1200423085788,55.88,-0.79,459.0,-3609.0,-35.38
NQ,ES-TM_9,1370,2450.0,1.79,412.9644107407446,54.23,0.16,6165.0,-3715.0,-2.71
NQ,A_sim13,283,-2460.0,-8.69,160.4080153815317,53.71,-0.91,1273.5,-3733.5,-13.19
NQ,TS_1,42,-4280.0,-101.9,469.14420319492956,57.14,-1.41,189.0,-4469.0,-106.4
NQ,3Q_sim13,325,-3185.0,-9.8,48.62815574195875,34.46,-3.63,1462.5,-4647.5,-14.3
NQ,3Q_sim7,347,-3350.0,-9.65,46.33562224204588,33.14,-3.88,1561.5,-4911.5,-14.15
NQ,V500_sim7,359,-3495.0,-9.74,251.3663769816547,48.47,-0.73,1615.5,-5110.5,-14.24
NQ,A_sim10,385,-3995.0,-10.38,46.01065291078857,32.21,-4.43,1732.5,-5727.5,-14.88
NQ,IPSPB1,806,-2560.0,-3.18,957.8381254223401,58.44,-0.09,3627.0,-6187.0,-7.68
ES,V500_sim13,383,-4987.5,-13.02,23.31819848353525,4.18,-10.93,1723.5,-6711.0,-17.52
ES,V500_sim14,385,-5225.0,-13.57,26.06903323960478,4.42,-10.21,1732.5,-6957.5,-18.07
NQ,A_sim7,588,-4425.0,-7.53,68.36898358989795,35.37,-2.67,2646.0,-7071.0,-12.03
NQ,V500_sim8,850,-3275.0,-3.85,310.2233448593082,46.59,-0.36,3825.0,-7100.0,-8.35
NQ,V500_sim9,238,-6120.0,-25.71,197.40648131909768,31.51,-2.01,1071.0,-7191.0,-30.21
NQ,PB_4,1153,-2615.0,-2.27,232.50493608311595,58.8,-0.33,5188.5,-7803.5,-6.77
NQ,A_sim16,679,-6775.0,-9.98,247.59975990330548,46.1,-1.05,3055.5,-9830.5,-14.48
ES,ES-IPSPB1,371,-8212.5,-22.14,464.5932931535631,56.33,-0.92,1669.5,-9882.0,-26.64
CL,CL-TS_5,215,-9030.0,-42.0,160.41767553891634,50.7,-3.84,967.5,-9997.5,-46.5
ES,ES-IPSMUD1,575,-8275.0,-14.39,479.6898033266322,58.78,-0.72,2587.5,-10862.5,-18.89
CL,CL-TS_4,213,-9920.0,-46.57,211.55085139529925,51.17,-3.21,958.5,-10878.5,-51.07
NQ,V500_sim14,1131,-5980.0,-5.29,325.5094463362855,55.88,-0.55,5089.5,-11069.5,-9.79
NQ,TS_7,1644,-6490.0,-3.95,826.8650986454885,64.54,-0.19,7398.0,-13888.0,-8.45
CL,CL-TS_6,255,-14050.0,-55.1,229.68801118094248,54.51,-3.83,1147.5,-15197.5,-59.6
NQ,V500_sim19,1508,-8570.0,-5.68,293.44502789521596,52.98,-0.75,6786.0,-15356.0,-10.18
NQ,V500_sim16,1791,-11570.0,-6.46,291.68936459276364,46.68,-0.94,8059.5,-19629.5,-10.96
CL,IPS_TM_13,974,-17710.0,-18.18,455.5051795506721,58.83,-1.25,4383.0,-22093.0,-22.68
CL,TS_2,1055,-20510.0,-19.44,323.90372380916745,60.19,-1.95,4747.5,-25257.5,-23.94
FDAX,IPS_TM_13,3099,-8775.0,-2.83,2285.3442689004755,59.41,-0.07,17044.5,-25819.5,-8.33
CL,3Q_sim10,642,-24210.0,-37.71,620.2112305486987,41.28,-1.54,2889.0,-27099.0,-42.21
NQ,TM_1,5981,-1730.0,-0.29,644.4230067576607,51.46,-0.03,26914.5,-28644.5,-4.79
NQ,V500_sim13,996,-24315.0,-24.41,228.11953888412526,35.84,-3.38,4482.0,-28797.0,-28.91
CL,PB_1,1996,-20540.0,-10.29,155.36653938017443,48.9,-2.96,8982.0,-29522.0,-14.79
ES,ES-TS_7,1800,-21512.5,-11.95,738.3353568805032,68.83,-0.69,8100.0,-29612.5,-16.45
CL,TM_1,1104,-26330.0,-23.85,309.8435459115021,46.56,-2.56,4968.0,-31298.0,-28.35
NQ,IPS_TM_13,1349,-25560.0,-18.95,893.6684038672244,59.15,-0.78,6070.5,-31630.5,-23.45
NQ,PB_5,514,-29645.0,-57.68,564.614354994606,46.69,-2.32,2313.0,-31958.0,-62.18
NQ,V500_sim15,1818,-25020.0,-13.76,279.2323932045021,43.62,-2.1,8181.0,-33201.0,-18.26
ES,ES-IPS_TM_7,6416,-4837.5,-0.75,573.4091240996481,53.94,-0.11,28872.0,-33709.5,-5.25
CL,TM_2,4779,-17200.0,-3.6,631.2818611054535,67.73,-0.39,21505.5,-38705.5,-8.1
NQ,PB_6,522,-37345.0,-71.54,642.3997320101795,52.49,-2.54,2349.0,-39694.0,-76.04
CL,IPS_TM_5dupli,3095,-28200.0,-9.11,249.74417933520613,58.55,-2.03,13927.5,-42127.5,-13.61
CL,IPS_TM_10,3346,-30010.0,-8.97,262.88290881488535,55.26,-1.97,15057.0,-45067.0,-13.47
CL,3Q_sim16,2882,-34730.0,-12.05,527.7475811907759,72.76,-1.23,12969.0,-47699.0,-16.55
CL,IPS_TM_8,1737,-40340.0,-23.22,296.4889958112707,38.86,-3.26,7816.5,-48156.5,-27.72
FDAX,IPSPB1,3097,-31200.0,-10.07,2355.9339893518086,59.44,-0.24,17033.5,-48233.5,-15.57
NQ,TM_11,5153,-27710.0,-5.38,797.1688964018041,37.75,-0.48,23188.5,-50898.5,-9.88
FDAX,TS_7,167,-50650.0,-303.29,1294.475491823718,56.89,-3.03,918.5,-51568.5,-308.79
NQ,IPSTMUD1,667,-62555.0,-93.79,960.2442885049355,57.87,-2.52,3001.5,-65556.5,-98.29
CL,TM_7,2490,-55820.0,-22.42,288.1577485698543,57.87,-3.88,11205.0,-67025.0,-26.92
CL,TS_7,508,-66270.0,-130.45,1530.8260154092907,52.76,-1.92,2286.0,-68556.0,-134.95
ES,ES-IPS_TM_13,5199,-47737.5,-9.18,811.4197931353027,59.22,-0.82,23395.5,-71133.0,-13.68
CL,3Q_sim7,2747,-59269.99,-21.58,557.1265225714011,63.52,-2.03,12361.5,-71631.49,-26.08
CL,TS_4,2551,-60410.0,-23.68,287.29333704491233,60.92,-4.16,11479.5,-71889.5,-28.18
ES,ES-TM_1,20323,18687.5,0.92,503.61095092772973,46.68,0.26,91453.5,-72766.0,-3.58
CL,PB_2,5377,-51220.0,-9.53,161.05417029067047,51.57,-4.34,24196.5,-75416.5,-14.03
CL,IPS_TM_5,2074,-66830.0,-32.22,303.13989944384923,37.27,-4.84,9333.0,-76163.0,-36.72
NQ,TM_10,14661,-12145.0,-0.83,669.5998995870084,58.62,-0.15,65974.5,-78119.5,-5.33
CL,IPS_TM_7,4732,-56990.0,-12.04,472.24484741854945,56.45,-1.75,21294.0,-78284.0,-16.54
ES,ES-TM_7,50778,148962.5,2.93,642.2432502935862,60.6,1.03,228501.0,-79538.5,-1.57
ES,ES-IPS_TM_10,2818,-75512.5,-26.8,386.9151025801681,58.34,-3.68,12681.0,-88193.5,-31.3
ES,ES-TS_2,20464,1512.5,0.07,680.2636096601107,68.97,0.02,92088.0,-90575.5,-4.43
NQ,A_sim15,6549,-63135.0,-9.64,202.58610850850405,33.87,-3.85,29470.5,-92605.5,-14.14
CL,TS_6,14289,-29010.0,-2.03,455.1925953855931,67.57,-0.53,64300.5,-93310.5,-6.53
NQ,PB_2,2172,-83880.0,-38.62,414.09427691854034,43.55,-4.35,9774.0,-93654.0,-43.12
ES,ES-TM_9,8397,-61587.5,-7.33,1076.289933166955,58.59,-0.62,37786.5,-99374.0,-11.83
ES,ES-TS_4,39678,75275.0,1.9,624.8955479874402,67.07,0.6,178551.0,-103276.0,-2.6
NQ,TM_D-R-1_2,39098,68435.0,1.75,987.6448570268287,71.05,0.35,175941.0,-107506.0,-2.75
NQ,TS_3,15126,-41305.0,-2.73,903.510124061418,64.84,-0.37,68067.0,-109372.0,-7.23
NQ,PB_3,2836,-102200.0,-36.04,371.51401576585,49.08,-5.17,12762.0,-114962.0,-40.54
ES,ES-IPS_TM_3,8397,-85187.5,-10.14,485.5658703757792,59.68,-1.91,37786.5,-122974.0,-14.64
ES,ES-TS_5,40268,58100.0,1.44,574.9844564525956,59.31,0.5,181206.0,-123106.0,-3.06
CL,TM_9,3967,-111319.99,-28.06,798.4815832660856,55.41,-2.21,17851.5,-129171.49,-32.56
CL,3Q_sim19,3325,-114730.0,-34.51,567.1813338879158,62.8,-3.51,14962.5,-129692.5,-39.01
ES,ES-TM_3,8280,-93800.0,-11.33,486.85650310631996,59.79,-2.12,37260.0,-131060.0,-15.83
NQ,B_sim14,6609,-108840.0,-16.47,251.21956577634168,52.78,-5.33,29740.5,-138580.5,-20.97
CL,IPS_TM_11,15485,-72850.0,-4.7,409.2287275755431,49.2,-1.43,69682.5,-142532.5,-9.2
NQ,IPS_TM_5,11526,-102910.0,-8.93,364.0595785776949,54.75,-2.63,51867.0,-154777.0,-13.43
NQ,IPS_TM_7,12728,-122335.0,-9.61,693.0890767282992,62.75,-1.56,57276.0,-179611.0,-14.11
ES,ES-TM_6,10028,-142862.5,-14.25,817.8535553990693,66.41,-1.74,45126.0,-187988.5,-18.75
NQ,IPS_TM_12,3353,-176090.0,-52.52,732.2631931407051,54.28,-4.15,15088.5,-191178.5,-57.02
NQ,A_sim14,12865,-147345.0,-11.45,281.2814462842197,53.42,-4.62,57892.5,-205237.5,-15.95
FDAX,TM_1,3566,-186900.0,-52.41,859.755177271785,45.34,-3.64,19613.0,-206513.0,-57.91
ES,ES-IPS_TM_6,9973,-188250.0,-18.88,841.9773206391036,66.17,-2.24,44878.5,-233128.5,-23.38
ES,V500_sim10,11943,-181662.5,-15.21,36.33438045498099,5.68,-45.75,53743.5,-235406.0,-19.71
FDAX,IPS_TM_12,3927,-223450.0,-56.9,1844.927231953579,49.12,-1.93,21598.5,-245048.5,-62.4
FDAX,IPS_TM_11,6895,-222850.0,-32.32,1338.4612212954955,46.8,-2.01,37922.5,-260772.5,-37.82
CL,3Q_sim15,10230,-219250.0,-21.43,601.363196356143,58.36,-3.6,46035.0,-265285.0,-25.93
NQ,PB_1,3827,-249585.0,-65.22,625.1640600125723,45.28,-6.45,17221.5,-266806.5,-69.72
ES,ES-TS_6,42818,-79675.0,-1.86,584.3777026632941,74.39,-0.66,192681.0,-272356.0,-6.36
NQ,TM_8,15586,-212120.0,-13.61,281.7906809671477,44.65,-6.03,70137.0,-282257.0,-18.11
CL,TS_5,13905,-226479.99,-16.29,344.5031628270572,58.5,-5.58,62572.5,-289052.49,-20.79
NQ,TS_4,6465,-263690.0,-40.79,808.5855239809678,64.78,-4.06,29092.5,-292782.5,-45.29
CL,3Q_sim13,12239,-256090.0,-20.92,751.3498092248589,42.48,-3.08,55075.5,-311165.5,-25.42
ES,ES-IPS_TM_12,9957,-288000.0,-28.92,679.2500850118248,34.9,-4.25,44806.5,-332806.5,-33.42
CL,TM_8,11238,-284580.0,-25.32,240.27407652470433,35.02,-11.17,50571.0,-335151.0,-29.82
FDAX,IPS_TM_7,4652,-369000.0,-79.32,951.900988570204,56.51,-5.68,25586.0,-394586.0,-84.82
CL,TM_5,12021,-342080.0,-28.46,208.88278476341424,33.93,-14.94,54094.5,-396174.5,-32.96
NQ,IPS_TM_10,8092,-367845.0,-45.46,647.7332845689399,57.91,-6.31,36414.0,-404259.0,-49.96
NQ,TM_5,11868,-359295.0,-30.27,397.7885572328195,44.07,-8.29,53406.0,-412701.0,-34.77
NQ,IPS_TM_5dupli,7625,-397610.0,-52.15,812.7694039127354,58.23,-5.6,34312.5,-431922.5,-56.65
CL,PB_3,35283,-295249.99,-8.37,349.52202982578166,48.16,-4.5,158773.5,-454023.49,-12.87
NQ,TM_D-R-1_1,45163,-270675.0,-5.99,607.4808656269049,74.97,-2.1,203233.5,-473908.5,-10.49
FDAX,TM_9,6089,-543000.0,-89.18,1732.299991384416,46.08,-4.02,33489.5,-576489.5,-94.68
FDAX,TM_3,9112,-527475.0,-57.89,1363.1413796358513,58.35,-4.05,50116.0,-577591.0,-63.39
FDAX,IPS_TM_3,9125,-537375.0,-58.89,1362.3335275674547,58.22,-4.13,50187.5,-587562.5,-64.39
ES,ES-PB_1,33581,-477362.5,-14.22,496.7911929490465,48.88,-5.24,151114.5,-628477.0,-18.72
FDAX,IPSTMUD1,6379,-601925.0,-94.36,1359.7121257748618,58.49,-5.54,35084.5,-637009.5,-99.86
FDAX,TM_2,7239,-656075.0,-90.63,1233.4112794991563,59.47,-6.25,39814.5,-695889.5,-96.13
NQ,IPS_TM_11,20172,-648000.0,-32.12,476.46444923251653,59.48,-9.58,90774.0,-738774.0,-36.62
FDAX,PB_3,11596,-705900.0,-60.87,754.8359961224432,44.68,-8.68,63778.0,-769678.0,-66.37
ES,ES-TM_10,32898,-627375.0,-19.07,759.4055296944335,60.58,-4.55,148041.0,-775416.0,-23.57
FDAX,TS_2,5021,-753850.0,-150.14,2152.50519535213,62.62,-4.94,27615.5,-781465.5,-155.64
NQ,V_sim16,39661,-634945.0,-16.01,651.8592691267941,74.76,-4.89,178474.5,-813419.5,-20.51
FDAX,TS_6,8172,-780125.0,-95.46,1357.746438496951,63.33,-6.36,44946.0,-825071.0,-100.96
FDAX,TS_4,8125,-800200.0,-98.49,1332.1765220976158,58.89,-6.66,44687.5,-844887.5,-103.99
FDAX,PB_2,14479,-772225.0,-53.33,786.6264879119376,44.91,-8.16,79634.5,-851859.5,-58.83
ES,ES-TM_2,32810,-728725.0,-22.21,754.0283868374796,61.05,-5.34,147645.0,-876370.0,-26.71
ES,ES-IPS_TM_5dupl,33233,-750000.0,-22.57,595.5549938032067,61.73,-6.91,149548.5,-899548.5,-27.07
FDAX,IPS_TM_6,9855,-880150.0,-89.31,1921.4374343925747,57.63,-4.61,54202.5,-934352.5,-94.81
FDAX,TM_6,9829,-881125.0,-89.65,1927.0763804276214,57.55,-4.61,54059.5,-935184.5,-95.15
NQ,IPS_TM_8,15953,-900180.0,-56.43,785.9452416335679,50.72,-9.07,71788.5,-971968.5,-60.93
FDAX,TS_5,8064,-930450.0,-115.38,1385.1398456144043,49.16,-7.48,44352.0,-974802.0,-120.88
ES,ES-IPS_TM_11,34997,-934012.5,-26.69,549.3102457321663,36.67,-9.09,157486.5,-1091499.0,-31.19
ES,ES_PB_2,46825,-917262.5,-19.59,389.7515851295564,47.33,-10.88,210712.5,-1127975.0,-24.09
CL,3Q_sim14,45482,-972419.98,-21.38,516.148670745405,47.58,-8.83,204669.0,-1177088.98,-25.88
NQ,TS_5,33371,-1037165.0,-31.08,548.5823958080634,53.43,-10.35,150169.5,-1187334.5,-35.58
NQ,TS_6,32506,-1075490.0,-33.09,731.9310200600428,68.71,-8.15,146277.0,-1221767.0,-37.59
ES,ES_PB_3,44419,-1140112.5,-25.67,508.7496391377373,48.93,-10.63,199885.5,-1339998.0,-30.17
FDAX,TM_8,15192,-1321325.0,-86.98,998.9976565487046,45.02,-10.73,83556.0,-1404881.0,-92.48
FDAX,PB_1,22015,-1447925.0,-65.77,1205.3006217886254,49.18,-8.1,121082.5,-1569007.5,-71.27
FDAX,TM_7,16469,-1643600.0,-99.8,1873.1021581127404,56.29,-6.84,90579.5,-1734179.5,-105.3
FDAX,IPS_TM_5,17759,-1751700.0,-98.64,1016.5424387801444,44.04,-12.93,97674.5,-1849374.5,-104.14
NQ,TM_U-D-1_1,73565,-1527665.0,-20.77,487.85115200596124,68.81,-11.55,331042.5,-1858707.5,-25.27
FDAX,IPS_TM_5dupli,21766,-1820800.0,-83.65,1720.421792229634,58.43,-7.17,119713.0,-1940513.0,-89.15
NQ,TM_2,82837,-1572925.0,-18.99,406.86559927446444,60.63,-13.43,372766.5,-1945691.5,-23.49
FDAX,IPS_TM_10,22018,-1907500.0,-86.63,1712.659108287042,58.24,-7.51,121099.0,-2028599.0,-92.13
FDAX,TM_5,20011,-2026800.0,-101.28,904.2732549527626,43.97,-15.84,110060.5,-2136860.5,-106.78
ES,ES-IPS_TM_8,66412,-2248425.0,-33.86,573.866755820171,35.61,-15.2,298854.0,-2547279.0,-38.36
FDAX,IPS_TM_8,37979,-2665850.0,-70.19,1447.066233109189,51.24,-9.45,208884.5,-2874734.5,-75.69
FDAX,TM_10,26306,-3404800.0,-129.43,1333.2847973591772,55.36,-15.74,144683.0,-3549483.0,-134.93
ES,ES-IPS_TM_5,213035,-4557150.0,-21.39,416.38766406637654,38.54,-23.71,958657.5,-5515807.5,-25.89
ES,ES-TM_8,418892,-11725862.5,-27.99,415.7193366272629,34.43,-43.58,1885014.0,-13610876.5,-32.49
ES,ES-TM_5,460245,-12131337.5,-26.36,338.5401901609854,35.14,-52.82,2071102.5,-14202440.0,-30.86
