slot_id,year_month,mean_pnl,n_trades,total_pnl,label,is_holdout
180,2024-05,6.666666517655055,15,99.99999776482582,CL Thu Bkt40,False
180,2024-06,-113.33333080013593,6,-679.9999848008156,CL Thu Bkt40,False
180,2024-09,-119.99999731779099,1,-119.99999731779099,CL Thu Bkt40,False
180,2024-10,-341.9999923557043,10,-3419.999923557043,CL Thu Bkt40,False
180,2024-11,69.99999843537807,6,419.99999061226845,CL Thu Bkt40,False
180,2024-12,-59.99999865889549,2,-119.99999731779099,CL Thu Bkt40,False
180,2025-01,28.749999357387424,8,229.9999948590994,CL Thu Bkt40,False
180,2025-02,14.999999664723873,4,59.99999865889549,CL Thu Bkt40,False
180,2025-03,-209.99999530613422,2,-419.99999061226845,CL Thu Bkt40,False
180,2025-04,-138.57142547411578,7,-969.9999783188105,CL Thu Bkt40,False
180,2025-05,31.764705172356436,17,539.9999879300594,CL Thu Bkt40,False
180,2025-06,238.8999946601689,300,71669.99839805067,CL Thu Bkt40,False
180,2025-07,-115.99999740719795,10,-1159.9999740719795,CL Thu Bkt40,True
180,2025-08,-31.66666595886151,6,-189.99999575316906,CL Thu Bkt40,True
180,2025-09,-173.33332945903143,3,-519.9999883770943,CL Thu Bkt40,True
180,2025-10,-78.33333158244689,12,-939.9999789893627,CL Thu Bkt40,True
180,2025-11,-254.99999430030584,4,-1019.9999772012234,CL Thu Bkt40,True
180,2025-12,-145.83333007370433,12,-1749.9999608844519,CL Thu Bkt40,True
180,2026-01,-174.44444054530726,9,-1569.9999649077654,CL Thu Bkt40,True
180,2026-02,-33.333332588275276,21,-699.9999843537807,CL Thu Bkt40,True
180,2026-03,-88.5542148881289,83,-7349.999835714698,CL Thu Bkt40,True
180,2026-04,-806.6666486362616,6,-4839.99989181757,CL Thu Bkt40,True
180,2026-05,-171.8181779777462,22,-3779.999915510416,CL Thu Bkt40,True
180,2026-06,-359.99999195337296,2,-719.9999839067459,CL Thu Bkt40,True
180,2026-07,-317.499992903322,8,-2539.999943226576,CL Thu Bkt40,True
223,2024-05,-239.99999463558197,3,-719.9999839067459,CL Sun Bkt36,False
223,2024-06,39.57894648376264,95,3759.999915957451,CL Sun Bkt36,False
223,2024-07,9.1666664617757,48,439.9999901652336,CL Sun Bkt36,False
223,2024-08,-33.99999924004078,55,-1869.9999582022429,CL Sun Bkt36,False
223,2024-09,77.11110938754346,45,3469.999922439456,CL Sun Bkt36,False
223,2024-10,24.113207008197623,265,6389.99985717237,CL Sun Bkt36,False
223,2024-11,-99.55555333031549,45,-4479.999899864197,CL Sun Bkt36,False
223,2024-12,-149.99999664723873,17,-2549.9999430030584,CL Sun Bkt36,False
223,2025-01,-10.491803044178447,61,-639.9999856948853,CL Sun Bkt36,False
223,2025-02,54.216866258038095,166,8999.999798834324,CL Sun Bkt36,False
223,2025-03,-32.76595671443229,47,-1539.9999655783176,CL Sun Bkt36,False
223,2025-04,71.02562566483634,195,13849.997004643086,CL Sun Bkt36,False
223,2025-05,58.88888757261965,135,7949.999822303653,CL Sun Bkt36,False
223,2025-06,85.55555364323988,126,10779.999759048223,CL Sun Bkt36,False
223,2025-07,-110.62499752733856,16,-1769.999960437417,CL Sun Bkt36,True
223,2025-08,-229.9999948590994,5,-1149.999974295497,CL Sun Bkt36,True
223,2025-09,-34.99999921768904,20,-699.9999843537807,CL Sun Bkt36,True
223,2025-11,-24.107142318306224,56,-1349.9999698251486,CL Sun Bkt36,True
223,2025-12,-109.9999975413084,8,-879.9999803304672,CL Sun Bkt36,True
223,2026-01,-43.703702726849805,27,-1179.9999736249447,CL Sun Bkt36,True
223,2026-02,62.352939782773745,34,2119.9999526143074,CL Sun Bkt36,True
223,2026-03,128.67230711957322,708,91099.99344065784,CL Sun Bkt36,True
223,2026-04,20.833332867672045,156,3249.999927356839,CL Sun Bkt36,True
223,2026-05,-122.27544636872715,167,-20419.999543577433,CL Sun Bkt36,True
223,2026-06,-7.999999821186066,25,-199.99999552965164,CL Sun Bkt36,True
223,2026-07,-50.71428458073309,28,-1419.9999682605267,CL Sun Bkt36,True
259,2024-05,-144.79166666666666,12,-1737.5,ES Mon Bkt24,False
259,2024-06,68.17781690140845,284,19362.5,ES Mon Bkt24,False
259,2024-07,-52.65507518796993,532,-28012.5,ES Mon Bkt24,False
259,2024-08,582.2411533420708,763,444250.0,ES Mon Bkt24,False
259,2024-09,84.75,50,4237.5,ES Mon Bkt24,False
259,2024-10,-19.243986254295532,291,-5600.0,ES Mon Bkt24,False
259,2024-11,-13.255494505494505,546,-7237.5,ES Mon Bkt24,False
259,2024-12,-26.92687747035573,506,-13625.0,ES Mon Bkt24,False
259,2025-01,104.40789473684211,1140,119025.0,ES Mon Bkt24,False
259,2025-02,0.5717916137229987,787,450.0,ES Mon Bkt24,False
259,2025-03,-32.329612220916566,851,-27512.5,ES Mon Bkt24,False
259,2025-04,-50.73481912144703,1548,-78537.5,ES Mon Bkt24,False
259,2025-05,27.582908163265305,392,10812.5,ES Mon Bkt24,False
259,2025-06,-48.24438202247191,534,-25762.5,ES Mon Bkt24,False
259,2025-07,0.3467153284671533,685,237.5,ES Mon Bkt24,True
259,2025-08,-45.70035460992908,564,-25775.0,ES Mon Bkt24,True
259,2025-09,-58.73076923076923,325,-19087.5,ES Mon Bkt24,True
259,2025-10,-58.66935483870968,310,-18187.5,ES Mon Bkt24,True
259,2025-11,25.88105726872247,681,17625.0,ES Mon Bkt24,True
259,2025-12,-41.15296803652968,657,-27037.5,ES Mon Bkt24,True
259,2026-01,-37.035472972972975,296,-10962.5,ES Mon Bkt24,True
259,2026-02,-28.718130311614733,353,-10137.5,ES Mon Bkt24,True
259,2026-03,-21.235163204747774,674,-14312.5,ES Mon Bkt24,True
259,2026-04,-47.57532956685499,531,-25262.5,ES Mon Bkt24,True
259,2026-05,-22.014003294892916,607,-13362.5,ES Mon Bkt24,True
259,2026-06,53.08988764044944,89,4725.0,ES Mon Bkt24,True
259,2026-07,-67.03767123287672,292,-19575.0,ES Mon Bkt24,True
260,2024-05,-206.94444444444446,9,-1862.5,ES Mon Bkt25,False
260,2024-06,-2.93859649122807,285,-837.5,ES Mon Bkt25,False
260,2024-07,-49.713740458015266,393,-19537.5,ES Mon Bkt25,False
260,2024-08,627.3181169757489,701,439750.0,ES Mon Bkt25,False
260,2024-09,1.2254901960784315,102,125.0,ES Mon Bkt25,False
260,2024-10,-42.78350515463917,194,-8300.0,ES Mon Bkt25,False
260,2024-11,-27.582046332046332,518,-14287.5,ES Mon Bkt25,False
260,2024-12,-23.178506375227688,549,-12725.0,ES Mon Bkt25,False
260,2025-01,20.337407013815092,941,19137.5,ES Mon Bkt25,False
260,2025-02,-2.858664772727273,704,-2012.5,ES Mon Bkt25,False
260,2025-03,-2.755801687763713,948,-2612.5,ES Mon Bkt25,False
260,2025-04,-1.875,1480,-2775.0,ES Mon Bkt25,False
260,2025-05,25.464989059080963,457,11637.5,ES Mon Bkt25,False
260,2025-06,-2.625,800,-2100.0,ES Mon Bkt25,False
260,2025-07,-19.283681214421254,527,-10162.5,ES Mon Bkt25,True
260,2025-08,-32.75590551181102,635,-20800.0,ES Mon Bkt25,True
260,2025-09,-56.23065015479876,323,-18162.5,ES Mon Bkt25,True
260,2025-10,-56.717289719626166,214,-12137.5,ES Mon Bkt25,True
260,2025-11,-34.37079407806191,743,-25537.5,ES Mon Bkt25,True
260,2025-12,-27.274590163934427,610,-16637.5,ES Mon Bkt25,True
260,2026-01,-67.41245136186771,257,-17325.0,ES Mon Bkt25,True
260,2026-02,-42.179951690821255,414,-17462.5,ES Mon Bkt25,True
260,2026-03,-90.83333333333333,600,-54500.0,ES Mon Bkt25,True
260,2026-04,-50.5533199195171,497,-25125.0,ES Mon Bkt25,True
260,2026-05,-52.78947368421053,475,-25075.0,ES Mon Bkt25,True
260,2026-06,-115.21084337349397,83,-9562.5,ES Mon Bkt25,True
260,2026-07,25.90909090909091,440,11400.0,ES Mon Bkt25,True
282,2024-05,75.89285714285714,14,1062.5,ES Tue Bkt0,False
282,2024-06,-44.23076923076923,13,-575.0,ES Tue Bkt0,False
282,2024-07,252.40384615384616,26,6562.5,ES Tue Bkt0,False
282,2024-08,-162.5,3,-487.5,ES Tue Bkt0,False
282,2024-09,320.39473684210526,19,6087.5,ES Tue Bkt0,False
282,2024-10,248.3695652173913,23,5712.5,ES Tue Bkt0,False
282,2024-11,11.607142857142858,42,487.5,ES Tue Bkt0,False
282,2024-12,-75.0,7,-525.0,ES Tue Bkt0,False
282,2025-01,195.45454545454547,33,6450.0,ES Tue Bkt0,False
282,2025-02,79.33962264150944,265,21025.0,ES Tue Bkt0,False
282,2025-03,-12.5,122,-1525.0,ES Tue Bkt0,False
282,2025-04,41.666666666666664,63,2625.0,ES Tue Bkt0,False
282,2025-05,27.1875,40,1087.5,ES Tue Bkt0,False
282,2025-06,-72.32142857142857,14,-1012.5,ES Tue Bkt0,False
282,2025-07,-97.11538461538461,39,-3787.5,ES Tue Bkt0,True
282,2025-08,25.0,12,300.0,ES Tue Bkt0,True
282,2025-09,-61.666666666666664,15,-925.0,ES Tue Bkt0,True
282,2025-10,-23.68421052631579,38,-900.0,ES Tue Bkt0,True
282,2025-11,-30.698529411764707,68,-2087.5,ES Tue Bkt0,True
282,2025-12,-81.13207547169812,53,-4300.0,ES Tue Bkt0,True
282,2026-01,-50.43103448275862,58,-2925.0,ES Tue Bkt0,True
282,2026-02,4.661016949152542,59,275.0,ES Tue Bkt0,True
282,2026-03,12.209302325581396,86,1050.0,ES Tue Bkt0,True
282,2026-04,-97.22222222222223,27,-2625.0,ES Tue Bkt0,True
282,2026-05,-97.14912280701755,57,-5537.5,ES Tue Bkt0,True
282,2026-06,70.83333333333333,9,637.5,ES Tue Bkt0,True
282,2026-07,250.5,50,12525.0,ES Tue Bkt0,True
357,2024-05,59.91379310344828,29,1737.5,ES Wed Bkt28,False
357,2024-06,-175.44483985765123,281,-49300.0,ES Wed Bkt28,False
357,2024-07,-17.919303797468356,316,-5662.5,ES Wed Bkt28,False
357,2024-08,-60.13843648208469,307,-18462.5,ES Wed Bkt28,False
357,2024-09,60.408366533864545,251,15162.5,ES Wed Bkt28,False
357,2024-10,-11.877667140825036,703,-8350.0,ES Wed Bkt28,False
357,2024-11,-25.05091649694501,491,-12300.0,ES Wed Bkt28,False
357,2024-12,481.4441506939855,1513,728425.0,ES Wed Bkt28,False
357,2025-01,-26.569660861594866,1091,-28987.5,ES Wed Bkt28,False
357,2025-02,-36.98665297741273,974,-36025.0,ES Wed Bkt28,False
357,2025-03,-43.19838056680162,1235,-53350.0,ES Wed Bkt28,False
357,2025-04,13.171256454388985,2905,38262.5,ES Wed Bkt28,False
357,2025-05,-1.3290229885057472,696,-925.0,ES Wed Bkt28,False
357,2025-06,4.246031746031746,630,2675.0,ES Wed Bkt28,False
357,2025-07,-43.727355072463766,552,-24137.5,ES Wed Bkt28,True
357,2025-08,-23.385012919896642,387,-9050.0,ES Wed Bkt28,True
357,2025-09,-28.881195335276967,686,-19812.5,ES Wed Bkt28,True
357,2025-10,-67.55668257756564,838,-56612.5,ES Wed Bkt28,True
357,2025-11,-23.785971223021583,278,-6612.5,ES Wed Bkt28,True
357,2025-12,11.69454770755886,807,9437.5,ES Wed Bkt28,True
357,2026-01,15.971428571428572,875,13975.0,ES Wed Bkt28,True
357,2026-02,-70.0,495,-34650.0,ES Wed Bkt28,True
357,2026-03,-6.851464435146443,717,-4912.5,ES Wed Bkt28,True
357,2026-04,-31.046576879910212,891,-27662.5,ES Wed Bkt28,True
357,2026-05,-106.7258883248731,394,-42050.0,ES Wed Bkt28,True
357,2026-06,-46.28099173553719,121,-5600.0,ES Wed Bkt28,True
357,2026-07,-33.31749049429658,263,-8762.5,ES Wed Bkt28,True
358,2024-05,-155.52325581395348,43,-6687.5,ES Wed Bkt29,False
358,2024-06,-86.18035190615836,341,-29387.5,ES Wed Bkt29,False
358,2024-07,-52.84974093264249,386,-20400.0,ES Wed Bkt29,False
358,2024-08,-59.77564102564103,312,-18650.0,ES Wed Bkt29,False
358,2024-09,151.30597014925374,268,40550.0,ES Wed Bkt29,False
358,2024-10,-56.369565217391305,575,-32412.5,ES Wed Bkt29,False
358,2024-11,-29.61572438162544,566,-16762.5,ES Wed Bkt29,False
358,2024-12,489.1953277092797,1541,753850.0,ES Wed Bkt29,False
358,2025-01,7.010439164866811,1389,9737.5,ES Wed Bkt29,False
358,2025-02,3.8240131578947367,608,2325.0,ES Wed Bkt29,False
358,2025-03,-29.935459377372815,1317,-39425.0,ES Wed Bkt29,False
358,2025-04,22.0578231292517,2205,48637.5,ES Wed Bkt29,False
358,2025-05,36.32760898282695,757,27500.0,ES Wed Bkt29,False
358,2025-06,-18.107876712328768,584,-10575.0,ES Wed Bkt29,False
358,2025-07,-1.5981169474727452,1009,-1612.5,ES Wed Bkt29,True
358,2025-08,-42.16160220994475,362,-15262.5,ES Wed Bkt29,True
358,2025-09,31.441048034934497,916,28800.0,ES Wed Bkt29,True
358,2025-10,-26.634615384615383,1040,-27700.0,ES Wed Bkt29,True
358,2025-11,-2.364864864864865,259,-612.5,ES Wed Bkt29,True
358,2025-12,-59.384218289085545,678,-40262.5,ES Wed Bkt29,True
358,2026-01,5.849125364431487,1372,8025.0,ES Wed Bkt29,True
358,2026-02,-38.228155339805824,721,-27562.5,ES Wed Bkt29,True
358,2026-03,15.97568578553616,802,12812.5,ES Wed Bkt29,True
358,2026-04,-26.335616438356166,730,-19225.0,ES Wed Bkt29,True
358,2026-05,-46.76229508196721,305,-14262.5,ES Wed Bkt29,True
358,2026-06,1.834862385321101,109,200.0,ES Wed Bkt29,True
358,2026-07,3.5409556313993176,293,1037.5,ES Wed Bkt29,True
587,2024-06,-245.83333333333334,12,-2950.0,FDAX Wed Bkt27,False
587,2024-07,-26.08695652173913,69,-1800.0,FDAX Wed Bkt27,False
587,2024-08,316.39344262295083,61,19300.0,FDAX Wed Bkt27,False
587,2024-09,-161.36363636363637,66,-10650.0,FDAX Wed Bkt27,False
587,2024-10,-68.75,100,-6875.0,FDAX Wed Bkt27,False
587,2024-11,-319.375,40,-12775.0,FDAX Wed Bkt27,False
587,2024-12,258.69565217391306,46,11900.0,FDAX Wed Bkt27,False
587,2025-01,20.0,25,500.0,FDAX Wed Bkt27,False
587,2025-02,-89.38356164383562,73,-6525.0,FDAX Wed Bkt27,False
587,2025-03,119.24019607843137,204,24325.0,FDAX Wed Bkt27,False
587,2025-04,684.5079787234042,376,257375.0,FDAX Wed Bkt27,False
587,2025-05,407.14285714285717,56,22800.0,FDAX Wed Bkt27,False
587,2025-06,-1517.857142857143,7,-10625.0,FDAX Wed Bkt27,False
587,2025-07,-475.0,15,-7125.0,FDAX Wed Bkt27,True
587,2025-08,-841.6666666666666,6,-5050.0,FDAX Wed Bkt27,True
587,2025-09,-55.55555555555556,9,-500.0,FDAX Wed Bkt27,True
587,2025-10,-23.78048780487805,41,-975.0,FDAX Wed Bkt27,True
587,2025-11,-642.8571428571429,14,-9000.0,FDAX Wed Bkt27,True
587,2025-12,-446.42857142857144,7,-3125.0,FDAX Wed Bkt27,True
587,2026-01,-103.33333333333333,15,-1550.0,FDAX Wed Bkt27,True
587,2026-02,144.375,40,5775.0,FDAX Wed Bkt27,True
587,2026-03,-621.1538461538462,39,-24225.0,FDAX Wed Bkt27,True
587,2026-04,795.2380952380952,42,33400.0,FDAX Wed Bkt27,True
587,2026-05,-1125.0,7,-7875.0,FDAX Wed Bkt27,True
587,2026-06,-196.875,8,-1575.0,FDAX Wed Bkt27,True
587,2026-07,290.0,5,1450.0,FDAX Wed Bkt27,True
648,2024-06,475.0,3,1425.0,FDAX Thu Bkt46,False
648,2024-07,-470.8333333333333,6,-2825.0,FDAX Thu Bkt46,False
648,2024-08,-161.8421052631579,19,-3075.0,FDAX Thu Bkt46,False
648,2024-09,1212.5,2,2425.0,FDAX Thu Bkt46,False
648,2024-10,625.0,18,11250.0,FDAX Thu Bkt46,False
648,2024-11,-275.0,23,-6325.0,FDAX Thu Bkt46,False
648,2024-12,725.0,7,5075.0,FDAX Thu Bkt46,False
648,2025-01,425.0,8,3400.0,FDAX Thu Bkt46,False
648,2025-02,570.8333333333334,6,3425.0,FDAX Thu Bkt46,False
648,2025-03,763.8888888888889,18,13750.0,FDAX Thu Bkt46,False
648,2025-04,1156.25,8,9250.0,FDAX Thu Bkt46,False
648,2025-05,-675.0,1,-675.0,FDAX Thu Bkt46,False
648,2025-06,-300.0,1,-300.0,FDAX Thu Bkt46,False
648,2025-07,-962.5,4,-3850.0,FDAX Thu Bkt46,True
648,2025-08,-242.85714285714286,7,-1700.0,FDAX Thu Bkt46,True
648,2025-10,-33.333333333333336,3,-100.0,FDAX Thu Bkt46,True
648,2025-11,325.0,2,650.0,FDAX Thu Bkt46,True
648,2025-12,241.66666666666666,3,725.0,FDAX Thu Bkt46,True
648,2026-01,515.625,8,4125.0,FDAX Thu Bkt46,True
648,2026-02,-1687.5,2,-3375.0,FDAX Thu Bkt46,True
648,2026-03,525.0,2,1050.0,FDAX Thu Bkt46,True
648,2026-05,-1161.3636363636363,11,-12775.0,FDAX Thu Bkt46,True
648,2026-07,-2625.0,1,-2625.0,FDAX Thu Bkt46,True
675,2024-05,373.0769230769231,13,4850.0,FDAX Fri Bkt25,False
675,2024-06,-222.5,50,-11125.0,FDAX Fri Bkt25,False
675,2024-07,142.24137931034483,29,4125.0,FDAX Fri Bkt25,False
675,2024-08,-248.09941520467837,171,-42425.0,FDAX Fri Bkt25,False
675,2024-09,1.2295081967213115,122,150.0,FDAX Fri Bkt25,False
675,2024-10,399.35897435897436,39,15575.0,FDAX Fri Bkt25,False
675,2024-11,112.71186440677967,177,19950.0,FDAX Fri Bkt25,False
675,2024-12,-234.91379310344828,58,-13625.0,FDAX Fri Bkt25,False
675,2025-01,1037.878787878788,66,68500.0,FDAX Fri Bkt25,False
675,2025-02,1020.1198630136986,292,297875.0,FDAX Fri Bkt25,False
675,2025-03,1.7045454545454546,308,525.0,FDAX Fri Bkt25,False
675,2025-04,-126.5625,80,-10125.0,FDAX Fri Bkt25,False
675,2025-05,-194.0,25,-4850.0,FDAX Fri Bkt25,False
675,2025-06,700.0,14,9800.0,FDAX Fri Bkt25,False
675,2025-07,942.741935483871,31,29225.0,FDAX Fri Bkt25,True
675,2025-08,116.07142857142857,14,1625.0,FDAX Fri Bkt25,True
675,2025-09,-1321.1538461538462,26,-34350.0,FDAX Fri Bkt25,True
675,2025-10,94.04761904761905,42,3950.0,FDAX Fri Bkt25,True
675,2025-11,-525.0,12,-6300.0,FDAX Fri Bkt25,True
675,2025-12,-81.81818181818181,11,-900.0,FDAX Fri Bkt25,True
675,2026-01,899.3589743589744,39,35075.0,FDAX Fri Bkt25,True
675,2026-02,-584.2105263157895,38,-22200.0,FDAX Fri Bkt25,True
675,2026-03,-1017.1474358974359,156,-158675.0,FDAX Fri Bkt25,True
675,2026-04,-408.3333333333333,3,-1225.0,FDAX Fri Bkt25,True
675,2026-05,-831.25,8,-6650.0,FDAX Fri Bkt25,True
675,2026-06,-443.75,8,-3550.0,FDAX Fri Bkt25,True
675,2026-07,-500.0,1,-500.0,FDAX Fri Bkt25,True
677,2024-05,-300.0,12,-3600.0,FDAX Fri Bkt27,False
677,2024-06,31.363636363636363,55,1725.0,FDAX Fri Bkt27,False
677,2024-07,140.85365853658536,41,5775.0,FDAX Fri Bkt27,False
677,2024-08,-170.9016393442623,61,-10425.0,FDAX Fri Bkt27,False
677,2024-09,-116.39344262295081,61,-7100.0,FDAX Fri Bkt27,False
677,2024-10,-92.8030303030303,66,-6125.0,FDAX Fri Bkt27,False
677,2024-11,196.23287671232876,73,14325.0,FDAX Fri Bkt27,False
677,2024-12,-377.77777777777777,45,-17000.0,FDAX Fri Bkt27,False
677,2025-01,1265.0,315,398475.0,FDAX Fri Bkt27,False
677,2025-02,143.22916666666666,288,41250.0,FDAX Fri Bkt27,False
677,2025-03,11.298076923076923,104,1175.0,FDAX Fri Bkt27,False
677,2025-04,-8.522727272727273,44,-375.0,FDAX Fri Bkt27,False
677,2025-05,-1716.6666666666667,6,-10300.0,FDAX Fri Bkt27,False
677,2025-07,-1097.2222222222222,9,-9875.0,FDAX Fri Bkt27,True
677,2025-08,-165.3846153846154,13,-2150.0,FDAX Fri Bkt27,True
677,2025-09,585.7142857142857,7,4100.0,FDAX Fri Bkt27,True
677,2025-10,697.3684210526316,19,13250.0,FDAX Fri Bkt27,True
677,2025-11,604.1666666666666,6,3625.0,FDAX Fri Bkt27,True
677,2025-12,518.4782608695652,23,11925.0,FDAX Fri Bkt27,True
677,2026-01,-1213.0434782608695,23,-27900.0,FDAX Fri Bkt27,True
677,2026-02,-837.8205128205128,39,-32675.0,FDAX Fri Bkt27,True
677,2026-03,287.85714285714283,35,10075.0,FDAX Fri Bkt27,True
677,2026-04,-309.09090909090907,22,-6800.0,FDAX Fri Bkt27,True
677,2026-05,451.0204081632653,49,22100.0,FDAX Fri Bkt27,True
677,2026-06,-1784.375,8,-14275.0,FDAX Fri Bkt27,True
677,2026-07,604.1666666666666,6,3625.0,FDAX Fri Bkt27,True
712,2024-01,15.664556962025317,158,2475.0,NQ Mon Bkt19,False
712,2024-02,-19.914163090128756,233,-4640.0,NQ Mon Bkt19,False
712,2024-03,-32.79802581624905,1317,-43195.0,NQ Mon Bkt19,False
712,2024-04,67.37138830162085,1419,95600.0,NQ Mon Bkt19,False
712,2024-05,4.1136079900124844,801,3295.0,NQ Mon Bkt19,False
712,2024-06,65.77546296296296,432,28415.0,NQ Mon Bkt19,False
712,2024-07,42.291666666666664,48,2030.0,NQ Mon Bkt19,False
712,2024-08,2079.2241379310344,58,120595.0,NQ Mon Bkt19,False
712,2024-09,-89.16666666666667,24,-2140.0,NQ Mon Bkt19,False
712,2024-10,-32.19298245614035,57,-1835.0,NQ Mon Bkt19,False
712,2024-11,54.24050632911393,79,4285.0,NQ Mon Bkt19,False
712,2024-12,-169.44099378881987,161,-27280.0,NQ Mon Bkt19,False
712,2025-01,-110.36764705882354,68,-7505.0,NQ Mon Bkt19,False
712,2025-02,52.361111111111114,108,5655.0,NQ Mon Bkt19,False
712,2025-03,120.4494382022472,178,21440.0,NQ Mon Bkt19,False
712,2025-04,280.9318181818182,440,123610.0,NQ Mon Bkt19,False
712,2025-05,110.24621212121212,264,29105.0,NQ Mon Bkt19,False
712,2025-06,-14.813084112149532,642,-9510.0,NQ Mon Bkt19,False
712,2025-07,-26.65109034267913,321,-8555.0,NQ Mon Bkt19,True
712,2025-08,-24.545454545454547,220,-5400.0,NQ Mon Bkt19,True
712,2025-09,19.495967741935484,248,4835.0,NQ Mon Bkt19,True
712,2025-10,-85.20979020979021,143,-12185.0,NQ Mon Bkt19,True
712,2025-11,3.5,300,1050.0,NQ Mon Bkt19,True
712,2025-12,-44.86552567237164,409,-18350.0,NQ Mon Bkt19,True
712,2026-01,-88.33333333333333,402,-35510.0,NQ Mon Bkt19,True
712,2026-02,65.4724409448819,381,24945.0,NQ Mon Bkt19,True
712,2026-03,-51.602687140115165,521,-26885.0,NQ Mon Bkt19,True
712,2026-04,-24.418316831683168,404,-9865.0,NQ Mon Bkt19,True
712,2026-05,-227.27848101265823,316,-71820.0,NQ Mon Bkt19,True
712,2026-06,-54.29133858267716,381,-20685.0,NQ Mon Bkt19,True
712,2026-07,-54.11691542288557,402,-21755.0,NQ Mon Bkt19,True
714,2024-01,66.07142857142857,98,6475.0,NQ Mon Bkt21,False
714,2024-02,36.0655737704918,183,6600.0,NQ Mon Bkt21,False
714,2024-03,-29.955223880597014,335,-10035.0,NQ Mon Bkt21,False
714,2024-04,263.58708891595614,821,216405.0,NQ Mon Bkt21,False
714,2024-05,6.788461538461538,260,1765.0,NQ Mon Bkt21,False
714,2024-06,19.61934156378601,486,9535.0,NQ Mon Bkt21,False
714,2024-08,525.4166666666666,24,12610.0,NQ Mon Bkt21,False
714,2024-09,21.428571428571427,7,150.0,NQ Mon Bkt21,False
714,2024-10,23.5,30,705.0,NQ Mon Bkt21,False
714,2024-11,4.411764705882353,17,75.0,NQ Mon Bkt21,False
714,2024-12,9.594594594594595,74,710.0,NQ Mon Bkt21,False
714,2025-01,-86.5,10,-865.0,NQ Mon Bkt21,False
714,2025-02,-185.4878048780488,41,-7605.0,NQ Mon Bkt21,False
714,2025-03,-29.134615384615383,52,-1515.0,NQ Mon Bkt21,False
714,2025-04,2.7524038461538463,416,1145.0,NQ Mon Bkt21,False
714,2025-05,-42.326388888888886,144,-6095.0,NQ Mon Bkt21,False
714,2025-06,-93.00420168067227,238,-22135.0,NQ Mon Bkt21,False
714,2025-07,-101.4453125,128,-12985.0,NQ Mon Bkt21,True
714,2025-08,1.2043795620437956,137,165.0,NQ Mon Bkt21,True
714,2025-09,-44.03846153846154,78,-3435.0,NQ Mon Bkt21,True
714,2025-10,-16.5625,48,-795.0,NQ Mon Bkt21,True
714,2025-11,-2.905759162303665,191,-555.0,NQ Mon Bkt21,True
714,2025-12,-6.72680412371134,194,-1305.0,NQ Mon Bkt21,True
714,2026-01,-138.53174603174602,126,-17455.0,NQ Mon Bkt21,True
714,2026-02,43.62573099415204,171,7460.0,NQ Mon Bkt21,True
714,2026-03,-24.055374592833875,307,-7385.0,NQ Mon Bkt21,True
714,2026-04,81.45631067961165,309,25170.0,NQ Mon Bkt21,True
714,2026-05,-35.94827586206897,174,-6255.0,NQ Mon Bkt21,True
714,2026-06,-17.857142857142858,259,-4625.0,NQ Mon Bkt21,True
714,2026-07,-83.29787234042553,235,-19575.0,NQ Mon Bkt21,True
715,2024-01,-37.01923076923077,52,-1925.0,NQ Mon Bkt22,False
715,2024-02,-35.648148148148145,108,-3850.0,NQ Mon Bkt22,False
715,2024-03,2.6530612244897958,343,910.0,NQ Mon Bkt22,False
715,2024-04,426.30550621669624,563,240010.0,NQ Mon Bkt22,False
715,2024-05,-17.707423580786028,229,-4055.0,NQ Mon Bkt22,False
715,2024-06,-90.17699115044248,226,-20380.0,NQ Mon Bkt22,False
715,2024-07,-258.57142857142856,7,-1810.0,NQ Mon Bkt22,False
715,2024-08,-849.2857142857143,21,-17835.0,NQ Mon Bkt22,False
715,2024-09,438.3333333333333,3,1315.0,NQ Mon Bkt22,False
715,2024-10,-41.34615384615385,26,-1075.0,NQ Mon Bkt22,False
715,2024-11,70.78947368421052,19,1345.0,NQ Mon Bkt22,False
715,2024-12,-99.52380952380952,42,-4180.0,NQ Mon Bkt22,False
715,2025-01,285.6818181818182,22,6285.0,NQ Mon Bkt22,False
715,2025-02,3.8461538461538463,26,100.0,NQ Mon Bkt22,False
715,2025-03,-126.62790697674419,43,-5445.0,NQ Mon Bkt22,False
715,2025-04,-8.547008547008547,468,-4000.0,NQ Mon Bkt22,False
715,2025-05,-99.94318181818181,88,-8795.0,NQ Mon Bkt22,False
715,2025-06,29.422382671480143,277,8150.0,NQ Mon Bkt22,False
715,2025-07,-33.443396226415096,106,-3545.0,NQ Mon Bkt22,True
715,2025-08,-226.75324675324674,77,-17460.0,NQ Mon Bkt22,True
715,2025-09,70.39772727272727,88,6195.0,NQ Mon Bkt22,True
715,2025-10,-96.78571428571429,56,-5420.0,NQ Mon Bkt22,True
715,2025-11,29.731543624161073,149,4430.0,NQ Mon Bkt22,True
715,2025-12,-54.44915254237288,118,-6425.0,NQ Mon Bkt22,True
715,2026-01,-66.2280701754386,114,-7550.0,NQ Mon Bkt22,True
715,2026-02,11.89922480620155,129,1535.0,NQ Mon Bkt22,True
715,2026-03,-41.231884057971016,207,-8535.0,NQ Mon Bkt22,True
715,2026-04,-160.37414965986395,294,-47150.0,NQ Mon Bkt22,True
715,2026-05,-170.79601990049753,201,-34330.0,NQ Mon Bkt22,True
715,2026-06,-235.3921568627451,153,-36015.0,NQ Mon Bkt22,True
715,2026-07,-15.027322404371585,183,-2750.0,NQ Mon Bkt22,True
716,2024-01,-38.04347826086956,23,-875.0,NQ Mon Bkt23,False
716,2024-02,4.814814814814815,81,390.0,NQ Mon Bkt23,False
716,2024-03,12.737127371273713,369,4700.0,NQ Mon Bkt23,False
716,2024-04,863.4596774193549,620,535345.0,NQ Mon Bkt23,False
716,2024-05,-30.492610837438423,203,-6190.0,NQ Mon Bkt23,False
716,2024-06,67.12837837837837,296,19870.0,NQ Mon Bkt23,False
716,2024-07,214.56521739130434,23,4935.0,NQ Mon Bkt23,False
716,2024-08,-553.1428571428571,35,-19360.0,NQ Mon Bkt23,False
716,2024-09,158.125,8,1265.0,NQ Mon Bkt23,False
716,2024-10,-184.16666666666666,30,-5525.0,NQ Mon Bkt23,False
716,2024-11,156.25,32,5000.0,NQ Mon Bkt23,False
716,2024-12,-135.8653846153846,52,-7065.0,NQ Mon Bkt23,False
716,2025-01,265.2631578947368,19,5040.0,NQ Mon Bkt23,False
716,2025-02,-56.354166666666664,48,-2705.0,NQ Mon Bkt23,False
716,2025-03,44.333333333333336,60,2660.0,NQ Mon Bkt23,False
716,2025-04,-43.83413461538461,416,-18235.0,NQ Mon Bkt23,False
716,2025-05,-101.73076923076923,104,-10580.0,NQ Mon Bkt23,False
716,2025-06,-132.85714285714286,238,-31620.0,NQ Mon Bkt23,False
716,2025-07,-91.6842105263158,95,-8710.0,NQ Mon Bkt23,True
716,2025-08,6.091954022988506,87,530.0,NQ Mon Bkt23,True
716,2025-09,-126.57534246575342,73,-9240.0,NQ Mon Bkt23,True
716,2025-10,-159.55357142857142,56,-8935.0,NQ Mon Bkt23,True
716,2025-11,-47.93893129770992,131,-6280.0,NQ Mon Bkt23,True
716,2025-12,-66.32352941176471,102,-6765.0,NQ Mon Bkt23,True
716,2026-01,-43.04545454545455,110,-4735.0,NQ Mon Bkt23,True
716,2026-02,-64.04,125,-8005.0,NQ Mon Bkt23,True
716,2026-03,-10.317796610169491,236,-2435.0,NQ Mon Bkt23,True
716,2026-04,-58.18681318681319,182,-10590.0,NQ Mon Bkt23,True
716,2026-05,-54.353932584269664,178,-9675.0,NQ Mon Bkt23,True
716,2026-06,-206.15942028985506,138,-28450.0,NQ Mon Bkt23,True
716,2026-07,-68.78676470588235,136,-9355.0,NQ Mon Bkt23,True
718,2024-01,-6.375,40,-255.0,NQ Mon Bkt25,False
718,2024-02,-61.75438596491228,57,-3520.0,NQ Mon Bkt25,False
718,2024-03,-5.0,195,-975.0,NQ Mon Bkt25,False
718,2024-04,339.8914616497829,691,234865.0,NQ Mon Bkt25,False
718,2024-05,51.54275092936803,269,13865.0,NQ Mon Bkt25,False
718,2024-06,74.66135458167331,251,18740.0,NQ Mon Bkt25,False
718,2024-07,-312.9166666666667,12,-3755.0,NQ Mon Bkt25,False
718,2024-08,-343.2608695652174,23,-7895.0,NQ Mon Bkt25,False
718,2024-09,-333.1818181818182,11,-3665.0,NQ Mon Bkt25,False
718,2024-10,-55.45454545454545,11,-610.0,NQ Mon Bkt25,False
718,2024-11,7.875,40,315.0,NQ Mon Bkt25,False
718,2024-12,-35.416666666666664,48,-1700.0,NQ Mon Bkt25,False
718,2025-01,199.47916666666666,48,9575.0,NQ Mon Bkt25,False
718,2025-02,-88.88888888888889,45,-4000.0,NQ Mon Bkt25,False
718,2025-03,-26.944444444444443,72,-1940.0,NQ Mon Bkt25,False
718,2025-04,83.82838283828383,303,25400.0,NQ Mon Bkt25,False
718,2025-05,31.476190476190474,105,3305.0,NQ Mon Bkt25,False
718,2025-06,49.45530726256983,358,17705.0,NQ Mon Bkt25,False
718,2025-07,-7.086330935251799,139,-985.0,NQ Mon Bkt25,True
718,2025-08,-99.3010752688172,93,-9235.0,NQ Mon Bkt25,True
718,2025-09,-26.76991150442478,113,-3025.0,NQ Mon Bkt25,True
718,2025-10,-9.745762711864407,59,-575.0,NQ Mon Bkt25,True
718,2025-11,54.17197452229299,157,8505.0,NQ Mon Bkt25,True
718,2025-12,30.633802816901408,142,4350.0,NQ Mon Bkt25,True
718,2026-01,-92.73809523809524,84,-7790.0,NQ Mon Bkt25,True
718,2026-02,-41.25,124,-5115.0,NQ Mon Bkt25,True
718,2026-03,-85.13888888888889,144,-12260.0,NQ Mon Bkt25,True
718,2026-04,-47.470238095238095,168,-7975.0,NQ Mon Bkt25,True
718,2026-05,160.71969696969697,132,21215.0,NQ Mon Bkt25,True
718,2026-06,-165.22471910112358,89,-14705.0,NQ Mon Bkt25,True
718,2026-07,51.93877551020408,196,10180.0,NQ Mon Bkt25,True
719,2024-01,25.714285714285715,21,540.0,NQ Mon Bkt26,False
719,2024-02,-4.916666666666667,60,-295.0,NQ Mon Bkt26,False
719,2024-03,48.885714285714286,175,8555.0,NQ Mon Bkt26,False
719,2024-04,802.2489539748954,478,383475.0,NQ Mon Bkt26,False
719,2024-05,39.62686567164179,335,13275.0,NQ Mon Bkt26,False
719,2024-06,-2.194244604316547,278,-610.0,NQ Mon Bkt26,False
719,2024-07,260.25,20,5205.0,NQ Mon Bkt26,False
719,2024-08,-319.468085106383,47,-15015.0,NQ Mon Bkt26,False
719,2024-09,-1115.0,3,-3345.0,NQ Mon Bkt26,False
719,2024-10,-60.714285714285715,14,-850.0,NQ Mon Bkt26,False
719,2024-11,145.58823529411765,34,4950.0,NQ Mon Bkt26,False
719,2024-12,-63.15384615384615,65,-4105.0,NQ Mon Bkt26,False
719,2025-01,-140.0,13,-1820.0,NQ Mon Bkt26,False
719,2025-02,-140.80645161290323,31,-4365.0,NQ Mon Bkt26,False
719,2025-03,-42.04225352112676,71,-2985.0,NQ Mon Bkt26,False
719,2025-04,-10.14336917562724,279,-2830.0,NQ Mon Bkt26,False
719,2025-05,-38.71900826446281,121,-4685.0,NQ Mon Bkt26,False
719,2025-06,22.36111111111111,288,6440.0,NQ Mon Bkt26,False
719,2025-07,-86.35593220338983,118,-10190.0,NQ Mon Bkt26,True
719,2025-08,-49.596774193548384,62,-3075.0,NQ Mon Bkt26,True
719,2025-09,-36.47435897435897,78,-2845.0,NQ Mon Bkt26,True
719,2025-10,111.6875,80,8935.0,NQ Mon Bkt26,True
719,2025-11,-84.0506329113924,79,-6640.0,NQ Mon Bkt26,True
719,2025-12,29.015748031496063,127,3685.0,NQ Mon Bkt26,True
719,2026-01,15.459183673469388,98,1515.0,NQ Mon Bkt26,True
719,2026-02,-83.5909090909091,110,-9195.0,NQ Mon Bkt26,True
719,2026-03,61.510416666666664,192,11810.0,NQ Mon Bkt26,True
719,2026-04,-7.709677419354839,155,-1195.0,NQ Mon Bkt26,True
719,2026-05,13.068181818181818,132,1725.0,NQ Mon Bkt26,True
719,2026-06,-100.63380281690141,71,-7145.0,NQ Mon Bkt26,True
719,2026-07,0.0,142,0.0,NQ Mon Bkt26,True
854,2024-01,-44.39393939393939,66,-2930.0,NQ Thu Bkt19,False
854,2024-02,0.0,345,0.0,NQ Thu Bkt19,False
854,2024-03,32.37203495630462,801,25930.0,NQ Thu Bkt19,False
854,2024-04,30.244658855961404,1451,43885.0,NQ Thu Bkt19,False
854,2024-05,28.394904458598727,1570,44580.0,NQ Thu Bkt19,False
854,2024-06,-55.93333333333333,375,-20975.0,NQ Thu Bkt19,False
854,2024-07,-245.71428571428572,21,-5160.0,NQ Thu Bkt19,False
854,2024-08,144.6946564885496,2227,322235.0,NQ Thu Bkt19,False
854,2024-09,-29.41176470588235,34,-1000.0,NQ Thu Bkt19,False
854,2024-10,-122.38095238095238,63,-7710.0,NQ Thu Bkt19,False
854,2024-11,89.23529411764706,85,7585.0,NQ Thu Bkt19,False
854,2024-12,-43.069053708439895,391,-16840.0,NQ Thu Bkt19,False
854,2025-01,25.178571428571427,56,1410.0,NQ Thu Bkt19,False
854,2025-02,158.61344537815125,119,18875.0,NQ Thu Bkt19,False
854,2025-03,-134.57142857142858,105,-14130.0,NQ Thu Bkt19,False
854,2025-04,-222.7979274611399,193,-43000.0,NQ Thu Bkt19,False
854,2025-05,-76.33204633204633,259,-19770.0,NQ Thu Bkt19,False
854,2025-06,-32.468671679197996,399,-12955.0,NQ Thu Bkt19,False
854,2025-07,39.107142857142854,448,17520.0,NQ Thu Bkt19,True
854,2025-08,-37.95673076923077,416,-15790.0,NQ Thu Bkt19,True
854,2025-09,16.859504132231404,121,2040.0,NQ Thu Bkt19,True
854,2025-10,60.484375,320,19355.0,NQ Thu Bkt19,True
854,2025-11,-78.33333333333333,129,-10105.0,NQ Thu Bkt19,True
854,2025-12,72.97029702970298,202,14740.0,NQ Thu Bkt19,True
854,2026-01,-104.12811387900356,281,-29260.0,NQ Thu Bkt19,True
854,2026-02,-48.91590013140605,761,-37225.0,NQ Thu Bkt19,True
854,2026-03,-36.18421052631579,342,-12375.0,NQ Thu Bkt19,True
854,2026-04,-16.796875,448,-7525.0,NQ Thu Bkt19,True
854,2026-05,-22.5125,400,-9005.0,NQ Thu Bkt19,True
854,2026-06,25.34090909090909,440,11150.0,NQ Thu Bkt19,True
854,2026-07,5.233494363929147,621,3250.0,NQ Thu Bkt19,True
863,2024-01,-6.451612903225806,31,-200.0,NQ Thu Bkt28,False
863,2024-02,-10.69767441860465,86,-920.0,NQ Thu Bkt28,False
863,2024-03,6.343042071197411,309,1960.0,NQ Thu Bkt28,False
863,2024-04,-28.557213930348258,603,-17220.0,NQ Thu Bkt28,False
863,2024-05,275.2527646129542,633,174235.0,NQ Thu Bkt28,False
863,2024-06,16.39751552795031,161,2640.0,NQ Thu Bkt28,False
863,2024-07,-672.5,6,-4035.0,NQ Thu Bkt28,False
863,2024-08,290.0,28,8120.0,NQ Thu Bkt28,False
863,2024-09,-8.61111111111111,18,-155.0,NQ Thu Bkt28,False
863,2024-10,-111.96969696969697,33,-3695.0,NQ Thu Bkt28,False
863,2024-11,15.476190476190476,21,325.0,NQ Thu Bkt28,False
863,2024-12,-4.65,100,-465.0,NQ Thu Bkt28,False
863,2025-01,-141.7741935483871,31,-4395.0,NQ Thu Bkt28,False
863,2025-02,634.3859649122807,57,36160.0,NQ Thu Bkt28,False
863,2025-03,91.55172413793103,58,5310.0,NQ Thu Bkt28,False
863,2025-04,107.58389261744966,149,16030.0,NQ Thu Bkt28,False
863,2025-05,27.964601769911503,113,3160.0,NQ Thu Bkt28,False
863,2025-06,83.48648648648648,185,15445.0,NQ Thu Bkt28,False
863,2025-07,33.31683168316832,202,6730.0,NQ Thu Bkt28,True
863,2025-08,40.298507462686565,134,5400.0,NQ Thu Bkt28,True
863,2025-09,-262.10526315789474,19,-4980.0,NQ Thu Bkt28,True
863,2025-10,119.2605633802817,142,16935.0,NQ Thu Bkt28,True
863,2025-11,248.91752577319588,97,24145.0,NQ Thu Bkt28,True
863,2025-12,49.75728155339806,103,5125.0,NQ Thu Bkt28,True
863,2026-01,5.161290322580645,93,480.0,NQ Thu Bkt28,True
863,2026-02,-20.47085201793722,223,-4565.0,NQ Thu Bkt28,True
863,2026-03,-71.76829268292683,82,-5885.0,NQ Thu Bkt28,True
863,2026-04,-56.675392670157066,191,-10825.0,NQ Thu Bkt28,True
863,2026-05,-68.01369863013699,146,-9930.0,NQ Thu Bkt28,True
863,2026-06,53.769633507853406,191,10270.0,NQ Thu Bkt28,True
863,2026-07,44.91416309012875,233,10465.0,NQ Thu Bkt28,True
901,2024-01,-9.883720930232558,86,-850.0,NQ Fri Bkt19,False
901,2024-02,30.221238938053098,339,10245.0,NQ Fri Bkt19,False
901,2024-03,12.28688524590164,610,7495.0,NQ Fri Bkt19,False
901,2024-04,30.37124060150376,1064,32315.0,NQ Fri Bkt19,False
901,2024-05,32.273853779429984,1614,52090.0,NQ Fri Bkt19,False
901,2024-06,35.291666666666664,240,8470.0,NQ Fri Bkt19,False
901,2024-07,210.23076923076923,65,13665.0,NQ Fri Bkt19,False
901,2024-08,64.02892561983471,242,15495.0,NQ Fri Bkt19,False
901,2024-09,173.48837209302326,43,7460.0,NQ Fri Bkt19,False
901,2024-10,-192.75,20,-3855.0,NQ Fri Bkt19,False
901,2024-11,-85.0,67,-5695.0,NQ Fri Bkt19,False
901,2024-12,56.07142857142857,98,5495.0,NQ Fri Bkt19,False
901,2025-01,389.5,170,66215.0,NQ Fri Bkt19,False
901,2025-02,76.03960396039604,101,7680.0,NQ Fri Bkt19,False
901,2025-03,43.03738317757009,107,4605.0,NQ Fri Bkt19,False
901,2025-04,-73.95522388059702,134,-9910.0,NQ Fri Bkt19,False
901,2025-05,-125.98173515981735,438,-55180.0,NQ Fri Bkt19,False
901,2025-06,16.806122448979593,490,8235.0,NQ Fri Bkt19,False
901,2025-07,-17.551867219917014,241,-4230.0,NQ Fri Bkt19,True
901,2025-08,87.8400954653938,419,36805.0,NQ Fri Bkt19,True
901,2025-09,-245.98360655737704,183,-45015.0,NQ Fri Bkt19,True
901,2025-10,90.70336391437309,327,29660.0,NQ Fri Bkt19,True
901,2025-11,-25.26086956521739,115,-2905.0,NQ Fri Bkt19,True
901,2025-12,-93.89810426540285,422,-39625.0,NQ Fri Bkt19,True
901,2026-01,417.16346153846155,312,130155.0,NQ Fri Bkt19,True
901,2026-02,-28.82716049382716,567,-16345.0,NQ Fri Bkt19,True
901,2026-03,-176.09375,352,-61985.0,NQ Fri Bkt19,True
901,2026-04,-50.851063829787236,282,-14340.0,NQ Fri Bkt19,True
901,2026-05,-31.189083820662766,513,-16000.0,NQ Fri Bkt19,True
901,2026-06,-27.908309455587393,349,-9740.0,NQ Fri Bkt19,True
901,2026-07,28.70246085011186,447,12830.0,NQ Fri Bkt19,True
906,2024-01,5.955882352941177,68,405.0,NQ Fri Bkt24,False
906,2024-02,-12.380952380952381,63,-780.0,NQ Fri Bkt24,False
906,2024-03,-45.721518987341774,395,-18060.0,NQ Fri Bkt24,False
906,2024-04,341.2681912681913,481,164150.0,NQ Fri Bkt24,False
906,2024-05,32.06150341685649,439,14075.0,NQ Fri Bkt24,False
906,2024-06,-8.557692307692308,104,-890.0,NQ Fri Bkt24,False
906,2024-07,-19.166666666666668,42,-805.0,NQ Fri Bkt24,False
906,2024-08,-81.375,40,-3255.0,NQ Fri Bkt24,False
906,2024-09,-85.0,11,-935.0,NQ Fri Bkt24,False
906,2024-11,-434.5,10,-4345.0,NQ Fri Bkt24,False
906,2024-12,67.6923076923077,26,1760.0,NQ Fri Bkt24,False
906,2025-01,-776.0714285714286,28,-21730.0,NQ Fri Bkt24,False
906,2025-02,-42.333333333333336,45,-1905.0,NQ Fri Bkt24,False
906,2025-03,53.92857142857143,42,2265.0,NQ Fri Bkt24,False
906,2025-04,22.10144927536232,69,1525.0,NQ Fri Bkt24,False
906,2025-05,74.89837398373983,246,18425.0,NQ Fri Bkt24,False
906,2025-06,-76.60714285714286,168,-12870.0,NQ Fri Bkt24,False
906,2025-07,8.789473684210526,95,835.0,NQ Fri Bkt24,True
906,2025-08,-4.150326797385621,153,-635.0,NQ Fri Bkt24,True
906,2025-09,-36.06741573033708,89,-3210.0,NQ Fri Bkt24,True
906,2025-10,-75.34220532319392,263,-19815.0,NQ Fri Bkt24,True
906,2025-11,-411.42857142857144,35,-14400.0,NQ Fri Bkt24,True
906,2025-12,-16.049382716049383,162,-2600.0,NQ Fri Bkt24,True
906,2026-01,12.857142857142858,63,810.0,NQ Fri Bkt24,True
906,2026-02,101.78391959798995,199,20255.0,NQ Fri Bkt24,True
906,2026-03,-6.8478260869565215,138,-945.0,NQ Fri Bkt24,True
906,2026-04,-215.3398058252427,103,-22180.0,NQ Fri Bkt24,True
906,2026-05,-27.452830188679247,159,-4365.0,NQ Fri Bkt24,True
906,2026-06,-107.19827586206897,116,-12435.0,NQ Fri Bkt24,True
906,2026-07,-36.79545454545455,220,-8095.0,NQ Fri Bkt24,True
