symbol,day_name,hour_label,hour,account_name,total_trades,total_net_pnl,avg_pnl_trade,std_pnl,wins,win_rate
CL,Fri,00:00,0,IPS_TM_11,18,-279.9999937415123,-15.555555207861794,365.4364306959565,10,55.55555555555556
CL,Fri,01:00,1,TS_5,10,439.9999901652336,43.99999901652336,300.081463711756,7,70.0
CL,Fri,02:00,2,PB_2,10,1239.9999722838402,123.99999722838402,334.30524226212594,8,80.0
CL,Fri,03:00,3,TM_9,10,5999.999865889549,599.9999865889549,440.9081438459068,10,100.0
CL,Fri,04:00,4,TM_2,32,7239.999838173389,226.24999494291842,610.0383246627143,25,78.125
CL,Fri,05:00,5,TS_6,78,-1099.999975413084,-14.102563787347231,338.8384816974703,56,71.7948717948718
CL,Fri,06:00,6,3Q_sim19,19,449.9999899417162,23.68420999693243,465.3458648632601,14,73.68421052631578
CL,Fri,07:00,7,3Q_sim15,33,399.9999910593033,12.121211850281918,423.2888810715514,22,66.66666666666666
CL,Fri,08:00,8,3Q_sim16,22,479.99998927116394,21.818181330507453,353.5080759777095,17,77.27272727272727
CL,Fri,09:00,9,3Q_sim16,32,919.9999794363976,28.749999357387424,398.4546673523339,26,81.25
CL,Fri,10:00,10,TM_2,62,1909.9999573081732,30.806450924325375,600.211147205848,50,80.64516129032258
CL,Fri,11:00,11,3Q_sim16,12,-239.99999463558197,-19.999999552965164,294.83430743609347,9,75.0
CL,Fri,12:00,12,TM_2,27,-1209.9999729543924,-44.814813813125646,444.9145918038573,20,74.07407407407408
CL,Fri,13:00,13,3Q_sim7,10,629.9999859184027,62.99999859184027,412.01536267225805,8,80.0
CL,Fri,14:00,14,3Q_sim19,27,659.9999852478504,24.444443898068535,329.3622357376089,19,70.37037037037037
CL,Fri,15:00,15,IPS_TM_7,18,-659.9999852478504,-36.6666658471028,300.8223954456459,10,55.55555555555556
CL,Mon,00:00,0,TM_2,25,-1019.9999772012234,-40.799999088048935,424.54798544169245,18,72.0
CL,Mon,01:00,1,IPS_TM_7,19,5399.999879300594,284.2105199631892,1190.12282321748,15,78.94736842105263
CL,Mon,02:00,2,TS_6,87,3749.9999161809683,43.103447312424926,589.6832095141671,66,75.86206896551724
CL,Mon,03:00,3,TM_2,66,2099.9999530613422,31.818181106990036,401.71902444869966,49,74.24242424242425
CL,Mon,04:00,4,3Q_sim16,23,2529.9999434500933,109.9999975413084,215.89138200841225,20,86.95652173913044
CL,Mon,05:00,5,3Q_sim7,25,5489.999877288938,219.5999950915575,428.2180034390884,20,80.0
CL,Mon,06:00,6,3Q_sim16,21,-549.999987706542,-26.19047560507343,427.12381547894586,17,80.95238095238095
CL,Mon,07:00,7,3Q_sim16,31,-739.9999834597111,-23.870967208377778,460.1063355342267,22,70.96774193548387
CL,Mon,08:00,8,TM_2,72,-179.99999597668648,-2.4999999441206455,409.6743720185888,57,79.16666666666666
CL,Mon,09:00,9,TM_2,135,5399.999879300594,39.99999910593033,535.0101009324816,104,77.03703703703704
CL,Mon,10:00,10,3Q_sim16,21,3639.99991863966,173.33332945903143,368.48789296711686,19,90.47619047619048
CL,Mon,11:00,11,3Q_sim16,38,2519.9999436736107,66.3157879914108,361.3444861774031,29,76.31578947368422
CL,Mon,12:00,12,3Q_sim7,20,1139.9999745190144,56.99999872595072,327.4800041232963,16,80.0
CL,Mon,13:00,13,TS_6,178,6139.999862760305,34.49438125146239,363.08318334760247,130,73.03370786516854
CL,Mon,14:00,14,3Q_sim16,20,1519.9999660253525,75.99999830126762,379.2985130338374,18,90.0
CL,Mon,15:00,15,TS_6,103,-819.9999816715717,-7.961164870597784,626.2483224225783,74,71.84466019417476
CL,Mon,16:00,16,TS_6,44,4659.999895840883,105.90908854183826,594.589226131837,32,72.72727272727273
CL,Mon,18:00,18,IPS_TM_7,10,2699.999939650297,269.9999939650297,1196.3462627779772,8,80.0
CL,Mon,19:00,19,TM_2,18,2509.999943897128,139.44444132761822,322.9910183747662,16,88.88888888888889
CL,Mon,20:00,20,TS_6,19,-599.9999865889549,-31.578946662576573,299.6528138554522,15,78.94736842105263
CL,Mon,21:00,21,3Q_sim15,31,3329.9956326931692,107.41921395784416,611.2773505698141,23,74.19354838709677
CL,Mon,22:00,22,3Q_sim19,16,1759.9999606609344,109.9999975413084,274.7119642335292,12,75.0
CL,Mon,23:00,23,TM_8,15,339.9999924004078,22.666666160027187,318.4216958999313,9,60.0
CL,Sun,17:00,17,3Q_sim7,13,7959.999822080135,612.3076786215489,804.86181120956,11,84.61538461538461
CL,Sun,18:00,18,IPS_TM_12,47,10509.999765083194,223.61701627836584,535.5469474934051,38,80.85106382978722
CL,Sun,19:00,19,3Q_sim15,19,4479.999899864197,235.7894684139051,348.27057331710654,17,89.47368421052632
CL,Sun,20:00,20,TM_2,33,379.9999915063381,11.515151257767823,422.64878988385215,25,75.75757575757575
CL,Sun,21:00,21,TM_2,39,-89.99999798834324,-2.3076922561113653,401.32976446351654,30,76.92307692307693
CL,Sun,22:00,22,TM_2,82,3149.9999295920134,38.41463328770748,322.85939922293926,63,76.82926829268293
CL,Sun,23:00,23,TM_2,36,1729.9999613314867,48.055554481430185,417.5357509455684,28,77.77777777777779
CL,Thu,00:00,0,TS_6,22,2719.9999392032623,123.63636087287556,385.64163918228763,17,77.27272727272727
CL,Thu,01:00,1,3Q_sim16,12,219.9999950826168,18.3333329235514,389.424586245096,9,75.0
CL,Thu,02:00,2,3Q_sim16,17,1709.9999617785215,100.58823304579539,311.8387051118306,15,88.23529411764706
CL,Thu,03:00,3,3Q_sim16,19,709.9999841302633,37.36842021738228,477.09585793719646,15,78.94736842105263
CL,Thu,04:00,4,TM_2,20,2629.999941214919,131.49999706074595,390.30722518547924,17,85.0
CL,Thu,05:00,5,3Q_sim15,26,139.99999687075615,5.3846152642598515,541.1264483130246,18,69.23076923076923
CL,Thu,06:00,6,TM_2,27,2879.9999356269836,106.66666428248088,313.14778312778475,23,85.18518518518519
CL,Thu,07:00,7,3Q_sim7,13,7949.999822303653,611.5384478695117,1317.793872955691,10,76.92307692307693
CL,Thu,08:00,8,3Q_sim16,10,-229.9999948590994,-22.99999948590994,536.760849301253,8,80.0
CL,Thu,09:00,9,3Q_sim16,54,6209.9998611956835,114.9999974295497,1048.4737100513814,42,77.77777777777779
CL,Thu,10:00,10,TM_2,76,-1249.9999720603228,-16.4473680534253,475.65449689062905,55,72.36842105263158
CL,Thu,11:00,11,3Q_sim16,34,-1749.9999608844519,-51.47058708483682,445.5172743574439,24,70.58823529411765
CL,Thu,12:00,12,TS_4,16,1549.9999653548002,96.87499783467501,211.49369100227355,14,87.5
CL,Thu,13:00,13,3Q_sim16,17,1099.999975413084,64.705880906652,344.63961652502076,15,88.23529411764706
CL,Thu,14:00,14,TM_2,58,5369.999879971147,92.58620482708874,325.71949504081294,47,81.03448275862068
CL,Thu,15:00,15,TM_2,16,379.9999915063381,23.749999469146132,350.06427198703335,13,81.25
CL,Thu,16:00,16,3Q_sim16,27,4739.999894052744,175.5555516315831,386.347118394168,22,81.48148148148148
CL,Thu,18:00,18,3Q_sim13,23,5119.999885559082,222.6086906764818,594.743761875855,17,73.91304347826086
CL,Thu,19:00,19,3Q_sim13,11,2839.9999365210533,258.18181241100484,483.33875614614067,9,81.81818181818183
CL,Thu,20:00,20,IPS_TM_7,16,289.9999935179949,18.12499959487468,421.5561355135232,9,56.25
CL,Thu,21:00,21,TS_6,14,3329.9999255687,237.8571375406214,565.0347524197606,11,78.57142857142857
CL,Thu,22:00,22,3Q_sim15,25,2379.9999468028545,95.19999787211418,529.8200834100651,17,68.0
CL,Thu,23:00,23,IPS_TM_7,11,1889.999957755208,171.8181779777462,340.11227332342366,9,81.81818181818183
CL,Tue,00:00,0,TM_2,10,1469.9999671429396,146.99999671429396,263.2721389052105,9,90.0
CL,Tue,01:00,1,TM_9,11,4749.9998938292265,431.8181721662933,471.6951915061263,10,90.9090909090909
CL,Tue,02:00,2,TM_2,19,-2549.9999430030584,-134.21052331595044,927.0581447166315,14,73.68421052631578
CL,Tue,03:00,3,TM_2,20,5299.9998815357685,264.9999940767884,821.4909240235248,16,80.0
CL,Tue,04:00,4,3Q_sim16,21,69.99999843537807,3.3333332588275275,357.31404621969546,17,80.95238095238095
CL,Tue,05:00,5,3Q_sim16,15,-569.9999872595072,-37.99999915063381,369.7721223389582,12,80.0
CL,Tue,06:00,6,3Q_sim16,13,639.9999856948853,49.230768130375786,257.53515490012063,10,76.92307692307693
CL,Tue,07:00,7,TS_6,112,839.9999812245369,7.499999832361937,348.41338445193446,82,73.21428571428571
CL,Tue,08:00,8,IPS_TM_13,11,1779.9999602138996,161.8181782012636,159.36236224735666,10,90.9090909090909
CL,Tue,09:00,9,TS_6,160,-9009.999798610806,-56.31249874131754,302.1071046516073,110,68.75
CL,Tue,10:00,10,TM_2,54,899.9999798834324,16.666666294137638,825.5198292005225,42,77.77777777777779
CL,Tue,11:00,11,3Q_sim16,14,-949.9999787658453,-67.85714134041753,438.9003393392711,11,78.57142857142857
CL,Tue,12:00,12,IPS_TM_13,13,1599.9999642372131,123.07692032593947,136.0382645769537,12,92.3076923076923
CL,Tue,13:00,13,3Q_sim16,44,-209.99999530613422,-4.772727166048505,586.3306684011869,36,81.81818181818183
CL,Tue,14:00,14,3Q_sim16,24,3349.999925121665,139.58333021340272,147.1609309959552,21,87.5
CL,Tue,15:00,15,3Q_sim16,14,1069.9999760836363,76.42856972025973,190.77199589305408,10,71.42857142857143
CL,Tue,16:00,16,TS_6,31,20369.99954469502,657.0967595062909,1915.294875382818,23,74.19354838709677
CL,Tue,18:00,18,TS_6,38,94059.99789759517,2475.263102568294,2352.5589185495637,36,94.73684210526315
CL,Tue,19:00,19,TM_2,72,3389.9999242275953,47.083332280938826,1353.7401589950114,50,69.44444444444444
CL,Tue,20:00,20,PB_2,13,1249.9999720603228,96.1538440046402,231.89574946877005,10,76.92307692307693
CL,Tue,21:00,21,PB_2,14,1379.9999691545963,98.57142636818546,207.06212439283942,12,85.71428571428571
CL,Tue,22:00,22,TS_6,23,5719.999872148037,248.69564661513203,209.61662260076235,22,95.65217391304348
CL,Tue,23:00,23,3Q_sim15,25,2519.9999436736107,100.79999774694443,432.24143521253916,18,72.0
CL,Wed,00:00,0,TS_6,20,3099.9999307096004,154.99999653548002,152.67784801249903,17,85.0
CL,Wed,01:00,1,TS_5,10,1369.9999693781137,136.99999693781137,331.8650923508696,8,80.0
CL,Wed,02:00,2,TM_2,17,8419.999811798334,495.2941065763726,1078.5297485873814,16,94.11764705882352
CL,Wed,03:00,3,IPS_TM_7,33,4839.99989181757,146.6666633884112,263.7667787203593,28,84.84848484848484
CL,Wed,04:00,4,3Q_sim16,26,1069.9999760836363,41.15384523398601,400.29315285371786,22,84.61538461538461
CL,Wed,05:00,5,TS_6,108,2699.999939650297,24.999999441206455,291.0872238919618,73,67.5925925925926
CL,Wed,06:00,6,TM_2,15,2639.9999409914017,175.99999606609344,430.41175336272346,13,86.66666666666667
CL,Wed,07:00,7,3Q_sim16,19,-169.9999962002039,-8.947368221063362,432.5749001810162,15,78.94736842105263
CL,Wed,08:00,8,TS_6,153,859.9999807775021,5.620914907042497,295.99926006453467,106,69.28104575163398
CL,Wed,09:00,9,3Q_sim16,19,519.9999883770943,27.368420440899698,423.3574977900977,15,78.94736842105263
CL,Wed,10:00,10,3Q_sim16,30,4079.9999088048935,135.99999696016312,257.0871255991352,27,90.0
CL,Wed,11:00,11,3Q_sim16,17,1839.999958872795,108.2352916983997,150.42586268631734,14,82.35294117647058
CL,Wed,12:00,12,3Q_sim19,10,-399.9999910593033,-39.99999910593033,523.5349812917575,7,70.0
CL,Wed,13:00,13,3Q_sim16,19,2139.9999521672726,112.63157642985645,312.193702568903,16,84.21052631578947
CL,Wed,14:00,14,3Q_sim7,19,-559.9999874830246,-29.473683551738137,598.9849955523267,14,73.68421052631578
CL,Wed,15:00,15,3Q_sim16,20,1279.9999713897705,63.999998569488525,310.6766738672535,15,75.0
CL,Wed,16:00,16,TS_6,19,-829.9999814480543,-43.684209549897595,436.8474149901778,15,78.94736842105263
CL,Wed,18:00,18,3Q_sim7,28,-4839.99989181757,-172.85713899348463,550.8434967068754,17,60.71428571428571
CL,Wed,19:00,19,3Q_sim14,38,129.99999709427357,3.421052555112462,535.9521657771942,23,60.526315789473685
CL,Wed,20:00,20,IPS_TM_7,15,919.9999794363976,61.333331962426506,604.6470696981727,10,66.66666666666666
CL,Wed,21:00,21,TS_6,13,1369.9999693781137,105.38461302908567,438.4559055932896,12,92.3076923076923
CL,Wed,22:00,22,TS_6,13,159.9999964237213,12.307692032593947,767.3238371868275,10,76.92307692307693
CL,Wed,23:00,23,TM_8,10,709.9999841302633,70.99999841302633,183.99576878567848,8,80.0
ES,Fri,00:00,0,ES-IPS_TM_3,13,1587.5,122.11538461538461,287.0537227481813,12,92.3076923076923
ES,Fri,01:00,1,ES-IPS_TM_5dupl,35,-400.0,-11.428571428571429,678.885680219227,26,74.28571428571429
ES,Fri,02:00,2,ES-TS_4,11,2937.5,267.04545454545456,529.3649711940456,9,81.81818181818183
ES,Fri,03:00,3,ES-TS_6,22,3137.5,142.61363636363637,510.93196667178654,19,86.36363636363636
ES,Fri,04:00,4,ES-TS_2,17,8450.0,497.05882352941177,437.154537976594,16,94.11764705882352
ES,Fri,05:00,5,ES-TS_6,27,1175.0,43.51851851851852,514.8208516166175,23,85.18518518518519
ES,Fri,06:00,6,ES-IPS_TM_6,22,6212.5,282.3863636363636,398.3346861448889,19,86.36363636363636
ES,Fri,07:00,7,ES-TS_2,12,3862.5,321.875,626.8183775298,10,83.33333333333334
ES,Fri,08:00,8,ES-TS_6,125,1600.0,12.8,511.20623481734754,100,80.0
ES,Fri,09:00,9,ES-TS_3,98,6962.5,71.04591836734694,535.1696574944773,78,79.59183673469387
ES,Fri,10:00,10,ES-TS_7,43,5462.5,127.03488372093024,472.1005668104246,34,79.06976744186046
ES,Fri,11:00,11,ES-TS_7,30,1087.5,36.25,571.6954329915959,23,76.66666666666667
ES,Fri,12:00,12,ES-TS_7,20,812.5,40.625,491.9897002291602,16,80.0
ES,Fri,13:00,13,ES-IPS_TM_6,60,3412.5,56.875,738.2606139502293,46,76.66666666666667
ES,Fri,14:00,14,ES-TS_2,190,6587.5,34.671052631578945,500.9475713719313,140,73.68421052631578
ES,Fri,15:00,15,ES-TS_7,32,4737.5,148.046875,372.49309063466467,27,84.375
ES,Mon,00:00,0,ES-TS_6,10,2062.5,206.25,427.25098335495704,9,90.0
ES,Mon,01:00,1,ES-IPS_TM_6,12,1462.5,121.875,621.6986673256953,10,83.33333333333334
ES,Mon,02:00,2,ES-IPS_TM_3,12,3450.0,287.5,498.9762246112261,10,83.33333333333334
ES,Mon,03:00,3,ES-IPS_TM_6,14,4425.0,316.07142857142856,1345.0356423236074,11,78.57142857142857
ES,Mon,04:00,4,ES-IPS_TM_6,17,2025.0,119.11764705882354,778.9731528070256,14,82.35294117647058
ES,Mon,05:00,5,ES-TS_6,34,-1437.5,-42.279411764705884,508.6841937363685,27,79.41176470588235
ES,Mon,06:00,6,ES-IPS_TM_6,12,6050.0,504.1666666666667,229.3353373767265,12,100.0
ES,Mon,07:00,7,ES-TS_6,78,7187.5,92.1474358974359,740.9248262207328,62,79.48717948717949
ES,Mon,08:00,8,ES-IPS_TM_6,31,2137.5,68.95161290322581,736.240951895038,23,74.19354838709677
ES,Mon,09:00,9,ES-TS_6,284,-13050.0,-45.95070422535211,535.1524445465009,201,70.77464788732394
ES,Mon,10:00,10,ES-TS_7,14,3037.5,216.96428571428572,369.33565431657223,13,92.85714285714286
ES,Mon,11:00,11,ES-TS_7,23,1887.5,82.06521739130434,442.21206102615076,19,82.6086956521739
ES,Mon,12:00,12,ES-TS_6,381,-16637.5,-43.66797900262467,339.4917069343825,278,72.96587926509186
ES,Mon,13:00,13,ES-TS_2,191,5075.0,26.57068062827225,399.7048502912823,142,74.3455497382199
ES,Mon,14:00,14,ES-TS_3,52,7937.5,152.64423076923077,366.86717338464587,42,80.76923076923077
ES,Mon,15:00,15,ES-TS_6,533,-24375.0,-45.73170731707317,307.32168903757287,362,67.91744840525328
ES,Mon,16:00,16,ES-TM_6,19,1050.0,55.26315789473684,109.4744222309806,16,84.21052631578947
ES,Mon,18:00,18,ES-IPS_TM_5dupl,19,-4287.5,-225.6578947368421,609.7938188125461,11,57.89473684210527
ES,Mon,19:00,19,ES-TS_6,11,-100.0,-9.090909090909092,415.52267195556357,8,72.72727272727273
ES,Mon,20:00,20,ES-TS_5,17,4537.5,266.9117647058824,321.55448776675655,15,88.23529411764706
ES,Mon,21:00,21,ES-TM_2,44,7900.0,179.54545454545453,439.51852380708146,36,81.81818181818183
ES,Mon,22:00,22,ES-TM_10,36,-212.5,-5.902777777777778,404.4560512844813,25,69.44444444444444
ES,Mon,23:00,23,ES-TM_9,13,5850.0,450.0,569.9735008460189,11,84.61538461538461
ES,Sun,17:00,17,ES-IPS_TM_5,10,3450.0,345.0,400.09547471683413,9,90.0
ES,Sun,18:00,18,ES-TS_6,32,125.0,3.90625,460.00786174032197,26,81.25
ES,Sun,19:00,19,ES-TS_6,25,2275.0,91.0,407.5702904612487,22,88.0
ES,Sun,20:00,20,ES-TM_7,17,6600.0,388.2352941176471,431.1700693189065,15,88.23529411764706
ES,Sun,21:00,21,ES-IPS_TM_6,23,4487.5,195.1086956521739,1061.1337414264406,19,82.6086956521739
ES,Sun,22:00,22,ES-TM_7,11,3312.5,301.1363636363636,940.170439093601,8,72.72727272727273
ES,Sun,23:00,23,ES-IPS_TM_3,11,900.0,81.81818181818181,423.3926825493842,8,72.72727272727273
ES,Thu,00:00,0,ES-TS_4,10,3350.0,335.0,559.3212652651227,9,90.0
ES,Thu,01:00,1,ES-TM_2,28,1000.0,35.714285714285715,374.43961656724633,19,67.85714285714286
ES,Thu,02:00,2,ES-TM_2,39,-2637.5,-67.62820512820512,434.8767023982762,26,66.66666666666666
ES,Thu,03:00,3,ES-TM_2,49,-2212.5,-45.1530612244898,560.702082252703,36,73.46938775510205
ES,Thu,04:00,4,ES-TS_6,34,7087.5,208.4558823529412,526.3035817053353,31,91.17647058823529
ES,Thu,05:00,5,ES-IPS_TM_3,13,975.0,75.0,785.0490961292379,10,76.92307692307693
ES,Thu,06:00,6,ES-TS_6,32,-2337.5,-73.046875,591.5066650754064,25,78.125
ES,Thu,07:00,7,ES-TS_6,63,3412.5,54.166666666666664,518.9017947363886,49,77.77777777777779
ES,Thu,08:00,8,ES-TS_6,105,-2162.5,-20.595238095238095,520.1353748306138,77,73.33333333333333
ES,Thu,09:00,9,ES-TS_2,155,3162.5,20.403225806451612,623.3680306311059,118,76.12903225806451
ES,Thu,10:00,10,ES-TS_6,730,8587.5,11.763698630136986,398.9490402874114,572,78.35616438356165
ES,Thu,11:00,11,ES-TS_7,41,18400.0,448.780487804878,1269.617329398806,35,85.36585365853658
ES,Thu,12:00,12,ES-TS_2,291,26637.5,91.53780068728523,782.9726303936111,219,75.25773195876289
ES,Thu,13:00,13,ES-TS_6,490,61850.0,126.22448979591837,861.0024301214822,376,76.73469387755102
ES,Thu,14:00,14,ES-TS_7,12,12.5,1.0416666666666667,455.81652301284026,9,75.0
ES,Thu,15:00,15,ES-TS_6,615,36200.0,58.86178861788618,558.0822951235292,447,72.6829268292683
ES,Thu,16:00,16,ES-TS_2,83,3400.0,40.963855421686745,468.5388274454732,54,65.06024096385542
ES,Thu,18:00,18,ES-TS_4,13,-662.5,-50.96153846153846,393.88098147042155,9,69.23076923076923
ES,Thu,19:00,19,ES-TM_9,10,4225.0,422.5,507.36930446284504,9,90.0
ES,Thu,20:00,20,ES-TS_6,24,112.5,4.6875,1265.3933295748832,17,70.83333333333334
ES,Thu,21:00,21,ES-TM_7,16,2212.5,138.28125,627.5691985417491,14,87.5
ES,Thu,22:00,22,ES-IPS_TM_12,10,1812.5,181.25,399.27234161381347,6,60.0
ES,Thu,23:00,23,ES-PB_1,27,4225.0,156.4814814814815,482.7476742062741,18,66.66666666666666
ES,Tue,00:00,0,ES-TM_7,43,-275.0,-6.395348837209302,519.3600980114117,29,67.44186046511628
ES,Tue,01:00,1,ES-TS_5,14,2762.5,197.32142857142858,353.62744450267786,12,85.71428571428571
ES,Tue,02:00,2,ES-TM_7,12,50.0,4.166666666666667,574.8352860260111,9,75.0
ES,Tue,03:00,3,ES-IPS_TM_6,32,4737.5,148.046875,578.2264786699765,27,84.375
ES,Tue,04:00,4,ES-IPS_TM_6,13,1150.0,88.46153846153847,688.152371134065,11,84.61538461538461
ES,Tue,05:00,5,ES-TS_2,12,7275.0,606.25,224.33614186183763,12,100.0
ES,Tue,06:00,6,ES-IPS_TM_6,19,100.0,5.2631578947368425,830.7492830842705,14,73.68421052631578
ES,Tue,07:00,7,ES-TS_6,57,-450.0,-7.894736842105263,656.992061655959,45,78.94736842105263
ES,Tue,08:00,8,ES-IPS_TM_3,23,4412.5,191.84782608695653,302.44291102103466,20,86.95652173913044
ES,Tue,09:00,9,ES-TS_6,351,-1787.5,-5.092592592592593,399.514627805651,268,76.35327635327636
ES,Tue,10:00,10,ES-TS_6,783,-14312.5,-18.279054916985952,470.07403342547644,607,77.52234993614304
ES,Tue,11:00,11,ES-TS_6,592,-45037.5,-76.07685810810811,479.2651281219681,435,73.47972972972973
ES,Tue,12:00,12,ES-TS_6,478,-650.0,-1.3598326359832635,358.39381852772203,366,76.56903765690377
ES,Tue,13:00,13,ES-TS_6,427,-15100.0,-35.36299765807963,407.3427970498113,316,74.00468384074942
ES,Tue,14:00,14,ES-TS_6,388,-6725.0,-17.332474226804123,343.7166769784947,294,75.77319587628865
ES,Tue,15:00,15,ES-TS_7,43,1562.5,36.33720930232558,359.1368408939198,33,76.74418604651163
ES,Tue,16:00,16,ES-IPS_TM_5dupl,84,3825.0,45.535714285714285,431.43010843954585,61,72.61904761904762
ES,Tue,18:00,18,ES-TM_1,11,50.0,4.545454545454546,704.8331524036541,9,81.81818181818183
ES,Tue,19:00,19,ES-IPS_TM_6,16,1312.5,82.03125,601.005559285159,15,93.75
ES,Tue,20:00,20,ES-IPS_TM_6,19,250.0,13.157894736842104,563.8328912361943,15,78.94736842105263
ES,Tue,21:00,21,ES-IPS_TM_6,20,-2187.5,-109.375,943.7195010756778,16,80.0
ES,Tue,22:00,22,ES-IPS_TM_6,14,-2350.0,-167.85714285714286,1033.846838615027,11,78.57142857142857
ES,Tue,23:00,23,ES-IPS_TM_6,10,1512.5,151.25,1389.1000533918834,7,70.0
ES,Wed,00:00,0,ES-TM_7,31,-8212.5,-264.9193548387097,1758.5962067170424,16,51.61290322580645
ES,Wed,01:00,1,ES-IPS_TM_6,17,5100.0,300.0,919.9290903379456,15,88.23529411764706
ES,Wed,02:00,2,ES-IPS_TM_6,10,3887.5,388.75,542.3537309214757,9,90.0
ES,Wed,03:00,3,ES-TS_6,13,-150.0,-11.538461538461538,431.0676407449716,11,84.61538461538461
ES,Wed,04:00,4,ES-IPS_TM_6,19,10925.0,575.0,1368.938660260406,18,94.73684210526315
ES,Wed,05:00,5,ES-TM_10,62,7262.5,117.13709677419355,417.49787639937824,49,79.03225806451613
ES,Wed,06:00,6,ES-TS_6,32,2887.5,90.234375,526.6078908597229,27,84.375
ES,Wed,07:00,7,ES-TS_4,48,6787.5,141.40625,432.9755122584018,42,87.5
ES,Wed,08:00,8,ES-TS_6,123,-1387.5,-11.28048780487805,538.6958072334587,91,73.98373983739837
ES,Wed,09:00,9,ES-TS_6,347,-16550.0,-47.694524495677236,433.89628305587166,252,72.62247838616715
ES,Wed,10:00,10,ES-TS_6,721,3575.0,4.958391123439667,361.2486039029805,564,78.2246879334258
ES,Wed,11:00,11,ES-TS_7,26,3700.0,142.30769230769232,503.27771810250204,22,84.61538461538461
ES,Wed,12:00,12,ES-TS_6,435,-5012.5,-11.522988505747126,329.4085426177858,334,76.7816091954023
ES,Wed,13:00,13,ES-TS_7,15,-287.5,-19.166666666666668,435.2715353934938,11,73.33333333333333
ES,Wed,14:00,14,ES-TS_6,509,-8587.5,-16.8713163064833,407.33605300922954,397,77.99607072691552
ES,Wed,15:00,15,ES-TS_7,15,3500.0,233.33333333333334,528.742330801074,13,86.66666666666667
ES,Wed,16:00,16,ES-IPS_TM_6,23,3875.0,168.47826086956522,350.5245575063462,18,78.26086956521739
ES,Wed,17:00,17,ES-TM_10,10,1262.5,126.25,984.9465933067978,5,50.0
ES,Wed,18:00,18,ES-TS_6,15,-2137.5,-142.5,608.5477443412777,10,66.66666666666666
ES,Wed,19:00,19,ES-TM_2,26,2500.0,96.15384615384616,446.59502391385354,19,73.07692307692307
ES,Wed,20:00,20,ES-TM_7,13,1237.5,95.1923076923077,502.37815846488,11,84.61538461538461
ES,Wed,21:00,21,ES-IPS_TM_13,12,4550.0,379.1666666666667,564.5375554514965,11,91.66666666666666
ES,Wed,22:00,22,ES-TS_6,15,4212.5,280.8333333333333,400.303084579434,14,93.33333333333333
ES,Wed,23:00,23,ES-IPS_TM_5dupl,28,10137.5,362.05357142857144,325.75557012621283,26,92.85714285714286
FDAX,Fri,00:00,0,TM_10,23,6225.0,270.6521739130435,747.3305590077777,19,82.6086956521739
FDAX,Fri,01:00,1,IPS_TM_8,45,-1425.0,-31.666666666666668,1447.160228610753,30,66.66666666666666
FDAX,Fri,02:00,2,TM_7,25,-14900.0,-596.0,2790.6902521299876,16,64.0
FDAX,Fri,03:00,3,IPSPB1,44,21575.0,490.34090909090907,2341.9593758832634,30,68.18181818181817
FDAX,Fri,04:00,4,IPSTMUD1,23,1775.0,77.17391304347827,936.2920412783956,16,69.56521739130434
FDAX,Fri,05:00,5,IPSPB1,23,11700.0,508.69565217391306,2065.2647955865923,19,82.6086956521739
FDAX,Fri,06:00,6,IPS_TM_3,38,5600.0,147.3684210526316,977.7557983146814,27,71.05263157894737
FDAX,Fri,07:00,7,IPSTMUD1,42,4800.0,114.28571428571429,880.2913676653104,31,73.80952380952381
FDAX,Fri,08:00,8,IPSTMUD1,42,8450.0,201.1904761904762,771.499813891043,29,69.04761904761905
FDAX,Fri,09:00,9,IPSPB1,33,-3975.0,-120.45454545454545,1431.6928155794517,21,63.63636363636363
FDAX,Fri,10:00,10,IPS_TM_13,28,16975.0,606.25,2012.00822148751,19,67.85714285714286
FDAX,Fri,11:00,11,IPSTMUD1,38,12875.0,338.8157894736842,1230.3413249826938,28,73.68421052631578
FDAX,Fri,12:00,12,IPS_TM_3,22,-19100.0,-868.1818181818181,2594.272329141433,15,68.18181818181817
FDAX,Fri,13:00,13,IPSTMUD1,39,13050.0,334.61538461538464,1033.6861636977847,30,76.92307692307693
FDAX,Fri,14:00,14,IPSTMUD1,31,275.0,8.870967741935484,743.4869531218188,20,64.51612903225806
FDAX,Fri,15:00,15,IPS_TM_8,34,-2450.0,-72.05882352941177,1180.3755935673537,22,64.70588235294117
FDAX,Mon,00:00,0,IPS_TM_8,25,3725.0,149.0,1236.8996860430248,17,68.0
FDAX,Mon,01:00,1,IPSTMUD1,17,2850.0,167.64705882352942,568.974180123368,13,76.47058823529412
FDAX,Mon,02:00,2,TS_2,16,2675.0,167.1875,2389.346471841202,12,75.0
FDAX,Mon,03:00,3,TM_10,334,1525.0,4.565868263473054,1099.0234705143635,212,63.47305389221557
FDAX,Mon,04:00,4,IPSTMUD1,26,5600.0,215.3846153846154,1088.9462090268032,20,76.92307692307693
FDAX,Mon,05:00,5,TS_2,18,10725.0,595.8333333333334,1275.8287387373884,15,83.33333333333334
FDAX,Mon,06:00,6,IPS_TM_3,51,500.0,9.803921568627452,1287.6148340184316,34,66.66666666666666
FDAX,Mon,07:00,7,TS_2,44,41675.0,947.1590909090909,3744.252245920168,33,75.0
FDAX,Mon,08:00,8,IPSTMUD1,53,3725.0,70.28301886792453,989.4644117936208,41,77.35849056603774
FDAX,Mon,09:00,9,TS_2,45,-300.0,-6.666666666666667,1529.9509796068633,29,64.44444444444444
FDAX,Mon,10:00,10,IPSTMUD1,35,4075.0,116.42857142857143,989.5212533969999,26,74.28571428571429
FDAX,Mon,11:00,11,IPSPB1,48,19475.0,405.7291666666667,1244.8643391795722,33,68.75
FDAX,Mon,12:00,12,IPS_TM_12,14,10650.0,760.7142857142857,1036.1594344628502,12,85.71428571428571
FDAX,Mon,13:00,13,IPS_TM_5dupli,46,8650.0,188.04347826086956,1414.93756370334,35,76.08695652173914
FDAX,Mon,14:00,14,TM_10,40,-300.0,-7.5,1242.8797206487843,25,62.5
FDAX,Mon,15:00,15,IPS_TM_3,14,3075.0,219.64285714285714,932.5409132821223,12,85.71428571428571
FDAX,Mon,16:00,16,IPS_TM_3,10,2675.0,267.5,930.1321590684485,8,80.0
FDAX,Mon,19:00,19,TM_10,32,-1025.0,-32.03125,1066.9755713978072,22,68.75
FDAX,Mon,20:00,20,IPS_TM_6,22,7200.0,327.27272727272725,2523.9791558609945,16,72.72727272727273
FDAX,Mon,21:00,21,IPS_TM_10,14,22250.0,1589.2857142857142,724.3507892824207,14,100.0
FDAX,Mon,22:00,22,TM_10,27,-1300.0,-48.148148148148145,1823.9186196357914,17,62.96296296296296
FDAX,Mon,23:00,23,IPS_TM_10,10,-3375.0,-337.5,2298.5880327810905,8,80.0
FDAX,Sun,19:00,19,TS_2,10,4775.0,477.5,2048.286885830856,9,90.0
FDAX,Sun,20:00,20,TM_7,39,-9600.0,-246.15384615384616,2726.185995300332,25,64.1025641025641
FDAX,Sun,21:00,21,IPS_TM_10,14,18650.0,1332.142857142857,3674.4888259277823,12,85.71428571428571
FDAX,Sun,22:00,22,IPSTMUD1,16,-4075.0,-254.6875,702.98285600243,9,56.25
FDAX,Sun,23:00,23,TM_10,13,-5200.0,-400.0,1134.2673847025665,6,46.15384615384615
FDAX,Thu,00:00,0,TM_10,34,8200.0,241.1764705882353,746.5801412496704,26,76.47058823529412
FDAX,Thu,01:00,1,IPS_TM_8,46,-7100.0,-154.34782608695653,1377.1478613003246,31,67.3913043478261
FDAX,Thu,02:00,2,TM_7,22,30400.0,1381.8181818181818,2889.5561306253653,18,81.81818181818183
FDAX,Thu,03:00,3,TS_2,31,6575.0,212.09677419354838,2231.9635504018834,23,74.19354838709677
FDAX,Thu,04:00,4,IPSTMUD1,24,4200.0,175.0,972.1390578647106,16,66.66666666666666
FDAX,Thu,05:00,5,IPSTMUD1,42,19900.0,473.8095238095238,2323.428871072122,29,69.04761904761905
FDAX,Thu,06:00,6,IPSPB1,22,11025.0,501.1363636363636,1345.5720431759214,17,77.27272727272727
FDAX,Thu,07:00,7,IPS_TM_13,21,15550.0,740.4761904761905,1154.2713120860112,18,85.71428571428571
FDAX,Thu,08:00,8,IPS_TM_3,62,10700.0,172.58064516129033,1299.3354991269116,50,80.64516129032258
FDAX,Thu,09:00,9,IPSPB1,18,7450.0,413.8888888888889,1322.9374129915634,13,72.22222222222221
FDAX,Thu,10:00,10,TS_2,54,18450.0,341.6666666666667,1558.308529046194,44,81.48148148148148
FDAX,Thu,11:00,11,TS_2,43,36175.0,841.2790697674419,2466.706183649819,33,76.74418604651163
FDAX,Thu,12:00,12,TM_3,43,5100.0,118.6046511627907,1553.644841126441,31,72.09302325581395
FDAX,Thu,13:00,13,IPSPB1,12,20825.0,1735.4166666666667,2889.979913687144,10,83.33333333333334
FDAX,Thu,14:00,14,IPS_TM_12,12,13550.0,1129.1666666666667,1415.2109276348065,11,91.66666666666666
FDAX,Thu,15:00,15,IPS_TM_6,12,11150.0,929.1666666666666,2028.4855897636512,8,66.66666666666666
FDAX,Thu,16:00,16,IPS_TM_8,37,0.0,0.0,1494.5386690659207,19,51.35135135135135
FDAX,Thu,19:00,19,TM_10,22,3950.0,179.54545454545453,1459.0570251355505,12,54.54545454545454
FDAX,Thu,20:00,20,IPSPB1,10,11700.0,1170.0,1082.871696514001,9,90.0
FDAX,Thu,21:00,21,IPS_TM_8,17,14900.0,876.4705882352941,4799.889896102398,11,64.70588235294117
FDAX,Thu,22:00,22,IPS_TM_8,12,-7425.0,-618.75,1543.981165982633,7,58.333333333333336
FDAX,Thu,23:00,23,IPS_TM_10,10,-1225.0,-122.5,2031.1275604123605,7,70.0
FDAX,Tue,00:00,0,TM_7,10,4075.0,407.5,1681.4366377198594,8,80.0
FDAX,Tue,01:00,1,TM_7,27,-675.0,-25.0,2507.9584863451723,20,74.07407407407408
FDAX,Tue,02:00,2,IPS_TM_3,30,-875.0,-29.166666666666668,1442.684927089271,21,70.0
FDAX,Tue,03:00,3,IPSPB1,48,18700.0,389.5833333333333,1586.695292220472,34,70.83333333333334
FDAX,Tue,04:00,4,TS_2,20,4825.0,241.25,1312.246842753218,14,70.0
FDAX,Tue,05:00,5,IPS_TM_3,57,-6100.0,-107.01754385964912,1407.955349982328,35,61.40350877192983
FDAX,Tue,06:00,6,IPSPB1,21,10350.0,492.85714285714283,1521.9260588384145,15,71.42857142857143
FDAX,Tue,07:00,7,IPSTMUD1,47,10300.0,219.14893617021278,854.5468664157733,36,76.59574468085107
FDAX,Tue,08:00,8,IPS_TM_5dupli,165,48700.0,295.1515151515151,1315.5116347070136,119,72.12121212121212
FDAX,Tue,09:00,9,TS_2,47,-6800.0,-144.68085106382978,1568.9058788847913,29,61.702127659574465
FDAX,Tue,10:00,10,IPSTMUD1,31,4700.0,151.61290322580646,934.5216129984851,25,80.64516129032258
FDAX,Tue,11:00,11,IPS_TM_12,40,47200.0,1180.0,3919.3316083753684,28,70.0
FDAX,Tue,12:00,12,IPS_TM_10,113,-4300.0,-38.05309734513274,2133.3164399286347,74,65.48672566371681
FDAX,Tue,13:00,13,IPSTMUD1,50,4550.0,91.0,1012.7725130873696,34,68.0
FDAX,Tue,14:00,14,TM_7,28,23675.0,845.5357142857143,3133.850825849445,19,67.85714285714286
FDAX,Tue,15:00,15,IPS_TM_3,22,4950.0,225.0,636.3493350279202,16,72.72727272727273
FDAX,Tue,16:00,16,IPS_TM_10,17,3350.0,197.05882352941177,2810.761717724135,13,76.47058823529412
FDAX,Tue,19:00,19,IPS_TM_5dupli,11,22175.0,2015.909090909091,3838.6728293655206,8,72.72727272727273
FDAX,Tue,20:00,20,TS_2,23,-7500.0,-326.0869565217391,3137.7420067917906,16,69.56521739130434
FDAX,Tue,21:00,21,IPS_TM_8,38,-25375.0,-667.7631578947369,1684.5472955777784,18,47.368421052631575
FDAX,Tue,22:00,22,IPS_TM_8,20,-15075.0,-753.75,1608.2287371678917,10,50.0
FDAX,Tue,23:00,23,IPS_TM_8,17,3225.0,189.7058823529412,1055.937780169,10,58.82352941176471
FDAX,Wed,00:00,0,TM_10,32,6825.0,213.28125,579.6614826567369,21,65.625
FDAX,Wed,01:00,1,IPS_TM_6,13,11725.0,901.9230769230769,1687.3444847619025,11,84.61538461538461
FDAX,Wed,02:00,2,TM_7,13,2150.0,165.3846153846154,1097.6081221199074,10,76.92307692307693
FDAX,Wed,03:00,3,TM_3,89,-1900.0,-21.348314606741575,1346.2519021774658,59,66.29213483146067
FDAX,Wed,04:00,4,IPS_TM_6,77,-17725.0,-230.19480519480518,3072.317340889537,50,64.93506493506493
FDAX,Wed,05:00,5,IPS_TM_6,53,4850.0,91.50943396226415,1773.4618429961035,34,64.15094339622641
FDAX,Wed,06:00,6,IPS_TM_5dupli,114,3400.0,29.82456140350877,1732.915586266657,72,63.1578947368421
FDAX,Wed,07:00,7,IPS_TM_3,51,15425.0,302.45098039215685,849.6948702616836,36,70.58823529411765
FDAX,Wed,08:00,8,IPSPB1,24,25.0,1.0416666666666667,2002.0978015282017,17,70.83333333333334
FDAX,Wed,09:00,9,IPS_TM_3,61,75.0,1.2295081967213115,997.3028860121119,39,63.934426229508205
FDAX,Wed,10:00,10,IPSPB1,24,12800.0,533.3333333333334,1379.541249100952,20,83.33333333333334
FDAX,Wed,11:00,11,TS_2,31,13500.0,435.48387096774195,2387.892848949575,20,64.51612903225806
FDAX,Wed,12:00,12,TS_2,17,4025.0,236.76470588235293,1529.3257717623378,13,76.47058823529412
FDAX,Wed,13:00,13,IPS_TM_5dupli,63,12250.0,194.44444444444446,1881.2500372116833,36,57.14285714285714
FDAX,Wed,14:00,14,IPS_TM_3,37,3500.0,94.5945945945946,1385.3666674578626,29,78.37837837837837
FDAX,Wed,15:00,15,IPS_TM_10,28,-1425.0,-50.892857142857146,2013.1337527878661,18,64.28571428571429
FDAX,Wed,16:00,16,TM_7,10,4875.0,487.5,1248.234864830244,7,70.0
FDAX,Wed,19:00,19,IPS_TM_5dupli,10,-1125.0,-112.5,2715.854940079745,7,70.0
FDAX,Wed,20:00,20,IPS_TM_12,13,33450.0,2573.076923076923,2668.9078122438796,11,84.61538461538461
FDAX,Wed,21:00,21,IPS_TM_10,10,7325.0,732.5,2052.8114190597785,9,90.0
FDAX,Wed,22:00,22,IPSTMUD1,17,-1875.0,-110.29411764705883,1103.512107132602,12,70.58823529411765
FDAX,Wed,23:00,23,IPS_TM_8,27,9300.0,344.44444444444446,1587.3952620405285,21,77.77777777777779
NQ,Fri,00:00,0,TS_4,10,5005.0,500.5,740.6020448857057,9,90.0
NQ,Fri,01:00,1,V_sim16,229,-9095.0,-39.71615720524017,415.1836232436553,171,74.67248908296943
NQ,Fri,02:00,2,TS_4,10,4335.0,433.5,467.4401328274861,9,90.0
NQ,Fri,03:00,3,V_sim16,282,-1575.0,-5.585106382978723,464.6800010838468,213,75.53191489361703
NQ,Fri,04:00,4,V_sim16,254,6575.0,25.885826771653544,510.2612122232214,189,74.40944881889764
NQ,Fri,05:00,5,V_sim16,260,6385.0,24.557692307692307,430.37145729397673,199,76.53846153846153
NQ,Fri,06:00,6,TS_3,17,6895.0,405.5882352941176,952.965572490917,14,82.35294117647058
NQ,Fri,07:00,7,V_sim16,254,-12805.0,-50.41338582677165,522.5260989547662,193,75.98425196850394
NQ,Fri,08:00,8,V_sim16,297,-11170.0,-37.60942760942761,562.7919743540293,212,71.38047138047138
NQ,Fri,09:00,9,IPSPB1,10,4530.0,453.0,698.868927466215,8,80.0
NQ,Fri,10:00,10,V_sim16,162,-1645.0,-10.154320987654321,1217.5016960003884,130,80.24691358024691
NQ,Fri,11:00,11,TM_D-R-1_1,135,15830.0,117.25925925925925,1739.8761234123372,110,81.48148148148148
NQ,Fri,12:00,12,V_sim16,273,-6245.0,-22.875457875457876,814.1242086311482,206,75.45787545787546
NQ,Fri,13:00,13,V_sim16,261,-6365.0,-24.386973180076627,767.3272842889561,207,79.3103448275862
NQ,Fri,14:00,14,TM_D-R-1_1,212,-19625.0,-92.57075471698113,822.1281306563409,162,76.41509433962264
NQ,Fri,15:00,15,IPSPB1,10,5895.0,589.5,461.6964490995259,9,90.0
NQ,Mon,00:00,0,IPS_TM_7,10,1795.0,179.5,767.5554630701868,8,80.0
NQ,Mon,01:00,1,V_sim16,331,7260.0,21.93353474320242,356.90212790387824,244,73.71601208459214
NQ,Mon,02:00,2,IPS_TM_7,23,5435.0,236.30434782608697,818.1745443242763,17,73.91304347826086
NQ,Mon,03:00,3,TS_3,14,3430.0,245.0,886.9849534757102,11,78.57142857142857
NQ,Mon,04:00,4,TM_D-R-1_1,224,-7760.0,-34.642857142857146,477.1861254630115,166,74.10714285714286
NQ,Mon,05:00,5,IPS_TM_11,51,2840.0,55.68627450980392,303.1105732366377,38,74.50980392156863
NQ,Mon,06:00,6,TM_D-R-1_1,206,4980.0,24.174757281553397,499.0227508804406,161,78.15533980582524
NQ,Mon,07:00,7,IPS_TM_7,25,15980.0,639.2,1917.9816213926556,20,80.0
NQ,Mon,08:00,8,TS_4,13,2390.0,183.84615384615384,1015.1008854750879,10,76.92307692307693
NQ,Mon,09:00,9,V_sim16,404,-15910.0,-39.381188118811885,885.1749000704401,326,80.6930693069307
NQ,Mon,10:00,10,TM_10,17,-60.0,-3.5294117647058822,230.03915907054247,14,82.35294117647058
NQ,Mon,11:00,11,V_sim16,279,-8210.0,-29.42652329749104,833.6342560254848,217,77.77777777777779
NQ,Mon,12:00,12,TM_D-R-1_1,225,-25340.0,-112.62222222222222,915.4220652462354,178,79.11111111111111
NQ,Mon,13:00,13,V_sim16,279,8735.0,31.308243727598565,524.6476977956733,226,81.00358422939068
NQ,Mon,14:00,14,TM_10,13,540.0,41.53846153846154,255.70478270348386,11,84.61538461538461
NQ,Mon,15:00,15,TM_D-R-1_1,246,-11280.0,-45.853658536585364,640.5785673480998,195,79.26829268292683
NQ,Mon,16:00,16,TS_6,129,4305.0,33.372093023255815,351.4913332361358,98,75.96899224806202
NQ,Mon,17:00,17,TM_D-R-1_2,18,-1765.0,-98.05555555555556,452.26924206744525,12,66.66666666666666
NQ,Mon,18:00,18,V_sim16,324,175.0,0.5401234567901234,362.30890331204904,245,75.61728395061729
NQ,Mon,19:00,19,TM_D-R-1_1,229,-4280.0,-18.689956331877728,229.35843957044844,165,72.0524017467249
NQ,Mon,20:00,20,IPS_TM_7,33,11665.0,353.4848484848485,965.4803571672277,26,78.78787878787878
NQ,Mon,21:00,21,TS_6,23,10270.0,446.5217391304348,328.37905890009284,22,95.65217391304348
NQ,Mon,22:00,22,TM_D-R-1_1,235,-4155.0,-17.680851063829788,340.04877141293065,181,77.02127659574468
NQ,Mon,23:00,23,TS_6,25,10250.0,410.0,937.2788628080048,22,88.0
NQ,Sun,17:00,17,TM_D-R-1_2,23,-1095.0,-47.608695652173914,895.5265966879455,17,73.91304347826086
NQ,Sun,18:00,18,TM_D-R-1_1,255,7760.0,30.431372549019606,356.4371627375465,210,82.35294117647058
NQ,Sun,19:00,19,IPS_TM_6,12,1675.0,139.58333333333334,1268.2888585759472,9,75.0
NQ,Sun,20:00,20,TS_4,12,3550.0,295.8333333333333,1287.2130453978564,10,83.33333333333334
NQ,Sun,21:00,21,V_sim16,257,-13785.0,-53.63813229571984,487.7394177570622,175,68.09338521400778
NQ,Sun,22:00,22,TS_6,31,9190.0,296.4516129032258,886.6784399735783,25,80.64516129032258
NQ,Sun,23:00,23,TS_6,35,3235.0,92.42857142857143,749.9876189454252,27,77.14285714285715
NQ,Thu,00:00,0,TM_D-R-1_1,235,2665.0,11.340425531914894,230.56510627279962,177,75.31914893617021
NQ,Thu,01:00,1,TS_6,36,370.0,10.277777777777779,1157.9513587393683,28,77.77777777777779
NQ,Thu,02:00,2,V_sim16,250,2480.0,9.92,514.3863986034944,179,71.6
NQ,Thu,03:00,3,TS_4,16,4195.0,262.1875,1199.790216037787,13,81.25
NQ,Thu,04:00,4,TM_D-R-1_1,200,10155.0,50.775,367.83937172624655,158,79.0
NQ,Thu,05:00,5,IPS_TM_7,14,2445.0,174.64285714285714,682.8122398910663,12,85.71428571428571
NQ,Thu,06:00,6,IPS_TM_11,30,1690.0,56.333333333333336,243.01601101407988,24,80.0
NQ,Thu,07:00,7,V_sim16,247,-1740.0,-7.044534412955466,476.96104607403566,173,70.04048582995951
NQ,Thu,08:00,8,TM_10,10,1705.0,170.5,393.1599193995011,8,80.0
NQ,Thu,09:00,9,V_sim16,404,-2090.0,-5.173267326732673,1054.9769650105848,334,82.67326732673267
NQ,Thu,10:00,10,TM_D-R-1_2,103,14310.0,138.93203883495147,1569.5596438900159,84,81.55339805825243
NQ,Thu,11:00,11,TM_D-R-1_1,133,79345.0,596.578947368421,2931.7212578096214,104,78.19548872180451
NQ,Thu,12:00,12,V_sim16,287,8420.0,29.337979094076655,955.3316969016532,226,78.74564459930313
NQ,Thu,13:00,13,TM_1,10,3245.0,324.5,480.39595936870427,8,80.0
NQ,Thu,14:00,14,TM_D-R-1_1,223,1265.0,5.672645739910314,497.9717831975891,181,81.16591928251121
NQ,Thu,15:00,15,TM_D-R-1_2,189,7955.0,42.08994708994709,1262.4071473563013,144,76.19047619047619
NQ,Thu,16:00,16,TS_4,10,1625.0,162.5,548.1902042174778,8,80.0
NQ,Thu,17:00,17,TM_2,14,590.0,42.142857142857146,279.7644220913944,11,78.57142857142857
NQ,Thu,18:00,18,TM_D-R-1_1,263,-10640.0,-40.456273764258555,383.501073613097,187,71.10266159695817
NQ,Thu,19:00,19,TM_D-R-1_2,157,5325.0,33.9171974522293,668.9894595178175,115,73.24840764331209
NQ,Thu,20:00,20,TS_6,32,5285.0,165.15625,824.4700002122577,26,81.25
NQ,Thu,21:00,21,TS_4,10,9790.0,979.0,838.8775569506885,9,90.0
NQ,Thu,22:00,22,IPS_TM_11,41,3640.0,88.78048780487805,198.57234351680523,33,80.48780487804879
NQ,Thu,23:00,23,TS_4,14,4975.0,355.35714285714283,765.8290236120549,11,78.57142857142857
NQ,Tue,00:00,0,V_sim16,298,1765.0,5.922818791946309,330.8578342444327,229,76.84563758389261
NQ,Tue,01:00,1,IPS_TM_12,14,3015.0,215.35714285714286,436.019866721488,11,78.57142857142857
NQ,Tue,02:00,2,TM_D-R-1_1,214,-6260.0,-29.252336448598133,319.45655419476003,155,72.42990654205607
NQ,Tue,03:00,3,TS_6,83,17355.0,209.09638554216866,622.7310740572791,68,81.92771084337349
NQ,Tue,04:00,4,V_sim16,266,1960.0,7.368421052631579,455.59667654434475,210,78.94736842105263
NQ,Tue,05:00,5,TM_D-R-1_1,251,-3305.0,-13.167330677290837,299.02178497301196,192,76.49402390438247
NQ,Tue,06:00,6,IPS_TM_7,21,3630.0,172.85714285714286,644.1051378241199,16,76.19047619047619
NQ,Tue,07:00,7,V_sim16,292,-4115.0,-14.092465753424657,464.5835977041751,220,75.34246575342466
NQ,Tue,08:00,8,V_sim16,325,8725.0,26.846153846153847,482.9084732558132,264,81.23076923076923
NQ,Tue,09:00,9,V_sim16,402,-23570.0,-58.6318407960199,946.2565667174807,322,80.09950248756219
NQ,Tue,10:00,10,TM_D-R-1_2,108,3905.0,36.157407407407405,1559.9284980141176,87,80.55555555555556
NQ,Tue,11:00,11,IPSPB1,19,6950.0,365.7894736842105,736.0919008858253,16,84.21052631578947
NQ,Tue,12:00,12,TM_D-R-1_1,238,-8915.0,-37.45798319327731,690.7333810612972,196,82.35294117647058
NQ,Tue,13:00,13,TM_D-R-1_1,256,-6615.0,-25.83984375,633.0139373170409,216,84.375
NQ,Tue,14:00,14,IPS_TM_12,11,1820.0,165.45454545454547,188.79161190919666,10,90.9090909090909
NQ,Tue,15:00,15,TM_D-R-1_1,234,7575.0,32.37179487179487,480.9109678821879,197,84.1880341880342
NQ,Tue,16:00,16,TS_7,12,4460.0,371.6666666666667,675.5278519705008,9,75.0
NQ,Tue,17:00,17,TM_U-D-1_1,10,705.0,70.5,336.07580163475683,8,80.0
NQ,Tue,18:00,18,IPS_TM_7,20,4240.0,212.0,836.454610716848,16,80.0
NQ,Tue,19:00,19,TM_D-R-1_1,281,5250.0,18.683274021352315,238.37854657926434,221,78.64768683274022
NQ,Tue,20:00,20,TM_D-R-1_2,238,35140.0,147.64705882352942,561.1415893923238,181,76.05042016806722
NQ,Tue,21:00,21,IPS_TM_7,20,4375.0,218.75,466.2670202904408,16,80.0
NQ,Tue,22:00,22,TS_6,28,18260.0,652.1428571428571,931.2093178500705,25,89.28571428571429
NQ,Tue,23:00,23,TM_D-R-1_1,226,-1515.0,-6.70353982300885,254.39705743553404,166,73.45132743362832
NQ,Wed,00:00,0,TM_D-R-1_1,240,9470.0,39.458333333333336,258.3811007711368,193,80.41666666666667
NQ,Wed,01:00,1,V_sim16,258,-9985.0,-38.701550387596896,439.69807477696264,188,72.86821705426357
NQ,Wed,02:00,2,TM_D-R-1_1,250,6095.0,24.38,354.0649141807408,196,78.4
NQ,Wed,03:00,3,V_sim16,283,4350.0,15.371024734982333,408.23650339424086,215,75.97173144876325
NQ,Wed,04:00,4,TS_4,23,15290.0,664.7826086956521,865.0347841940302,20,86.95652173913044
NQ,Wed,05:00,5,IPS_TM_11,53,410.0,7.735849056603773,290.6633097789762,40,75.47169811320755
NQ,Wed,06:00,6,TS_3,11,6425.0,584.0909090909091,990.3782564803668,9,81.81818181818183
NQ,Wed,07:00,7,IPS_TM_11,42,1575.0,37.5,213.9958114474981,33,78.57142857142857
NQ,Wed,08:00,8,V_sim16,345,14815.0,42.94202898550725,606.2573155650196,265,76.81159420289855
NQ,Wed,09:00,9,TM_D-R-1_1,338,31395.0,92.88461538461539,756.2703512723804,288,85.20710059171599
NQ,Wed,10:00,10,TM_10,10,165.0,16.5,155.8854636512904,9,90.0
NQ,Wed,11:00,11,TM_D-R-1_1,135,1870.0,13.851851851851851,679.2826936470087,120,88.88888888888889
NQ,Wed,12:00,12,TM_D-R-1_1,197,-3385.0,-17.18274111675127,602.4427799965725,163,82.74111675126903
NQ,Wed,13:00,13,TM_D-R-1_1,269,10715.0,39.83271375464684,488.15146854152755,222,82.5278810408922
NQ,Wed,14:00,14,TM_D-R-1_1,225,4630.0,20.57777777777778,780.665709761115,188,83.55555555555556
NQ,Wed,15:00,15,TM_D-R-1_1,281,4070.0,14.483985765124554,568.6247512888818,231,82.20640569395017
NQ,Wed,16:00,16,TS_3,149,21665.0,145.40268456375838,971.6292246855353,112,75.16778523489933
NQ,Wed,17:00,17,V_sim16,14,-1015.0,-72.5,689.9463468549287,10,71.42857142857143
NQ,Wed,18:00,18,IPS_TM_7,19,535.0,28.157894736842106,566.493136484645,15,78.94736842105263
NQ,Wed,19:00,19,V_sim16,259,14330.0,55.32818532818533,365.3380461996229,207,79.92277992277992
NQ,Wed,20:00,20,TM_U-D-1_1,380,1750.0,4.605263157894737,225.84693014546627,284,74.73684210526315
NQ,Wed,21:00,21,TM_D-R-1_1,240,3645.0,15.1875,222.86613955710698,178,74.16666666666667
NQ,Wed,22:00,22,TM_D-R-1_1,227,-4220.0,-18.590308370044053,311.3540859027091,170,74.8898678414097
NQ,Wed,23:00,23,TM_D-R-1_1,223,520.0,2.3318385650224216,271.54494131342375,175,78.47533632286996
